end_id,record_id
29,1
32,3
34,2
37,4
69,1
70,1
94,3
98,1
99,2
103,5
106,1
107,3
108,13
109,17
110,7
111,11
112,22
113,8
114,22
115,9
116,24
117,19
118,2
119,9
120,4
140,12
141,6
142,9
143,13
147,1
171,1
231,1
235,2
236,1
237,6
242,1
243,3
244,2
246,1
247,1
256,3
257,1
258,1
260,2
264,2
302,1
303,2
304,1
305,1
311,4
312,3
313,2
314,3
315,3
317,12
318,16
319,13
320,57
321,20
322,4
324,4
325,4
326,2
346,12
347,6
348,5
349,1
359,3
442,4
443,3
445,4
450,2
451,1
452,3
462,1
463,1
464,1
468,1
473,1
505,2
506,5
508,3
509,2
510,1
512,1
514,7
515,3
516,2
517,1
523,1
524,8
525,10
526,4
527,117
528,6
529,1
530,2
531,4
533,1
534,1
552,1
553,5
554,1
555,3
556,1
565,1
566,1
648,6
649,1
650,3
651,2
654,1
657,6
658,5
661,4
662,2
669,1
671,2
674,1
684,1
710,2
711,2
712,3
713,3
714,3
715,3
716,3
717,1
718,5
719,9
720,1
721,3
725,2
726,4
727,6
728,1
729,1
730,1
731,5
732,4
733,6
734,4
735,2
736,11
738,6
739,12
759,1
760,1
761,8
762,6
858,3
859,1
861,1
862,1
863,6
864,8
865,4
867,2
868,2
869,1
872,1
873,1
877,1
882,5
885,2
899,1
916,1
917,4
918,8
919,1
920,6
921,1
923,1
925,5
926,2
932,2
933,4
935,1
936,3
937,8
938,5
939,6
940,67
941,5
942,2
943,1
944,4
945,6
946,7
947,1
966,1
968,8
969,5
970,20
971,6
972,1
977,1
1057,1
1060,2
1063,2
1066,1
1068,12
1069,6
1070,7
1071,8
1072,1
1073,13
1074,2
1075,2
1076,1
1077,1
1078,2
1083,2
1085,1
1087,2
1121,4
1122,1
1123,11
1124,15
1125,8
1126,1
1129,2
1131,10
1132,12
1133,2
1138,6
1143,27
1144,6
1145,18
1146,11
1147,2
1148,14
1149,1
1150,1
1151,8
1152,2
1153,1
1170,1
1172,1
1173,3
1174,31
1175,1
1176,75
1177,7
1178,1
1179,1
1180,2
1267,1
1272,1
1273,1
1274,1
1275,1
1276,6
1277,2
1278,6
1279,7
1280,5
1281,5
1282,5
1283,5
1284,3
1288,1
1289,5
1290,2
1291,1
1293,3
1296,2
1297,1
1327,3
1328,1
1329,13
1330,9
1331,9
1332,2
1333,1
1334,1
1335,4
1337,6
1344,7
1345,6
1346,1
1347,4
1349,25
1350,16
1351,9
1352,6
1353,9
1354,1
1355,8
1356,6
1357,13
1358,7
1375,1
1376,1
1377,1
1379,3
1380,2
1381,2
1382,1
1383,3
1384,24
1385,1
1387,1
1473,1
1477,1
1478,2
1482,5
1483,1
1484,4
1485,6
1486,3
1487,6
1488,4
1490,4
1492,1
1493,6
1494,1
1495,4
1496,1
1498,1
1505,6
1506,1
1535,2
1536,2
1538,3
1539,1
1540,3
1542,2
1543,2
1545,2
1546,1
1550,2
1554,2
1555,38
1556,22
1557,82
1559,3
1560,14
1561,4
1562,21
1563,8
1564,9
1581,1
1583,2
1585,34
1586,2
1587,11
1588,2
1589,7
1591,5
1592,7
1598,1
1678,2
1679,4
1684,1
1685,4
1686,1
1687,2
1689,2
1690,3
1691,5
1692,4
1693,12
1694,3
1696,3
1697,1
1700,1
1701,5
1702,2
1704,1
1709,1
1710,2
1717,2
1723,1
1742,2
1746,2
1747,9
1751,8
1753,3
1754,10
1755,2
1756,7
1757,7
1761,4
1762,29
1763,2
1764,3
1765,9
1766,11
1767,11
1768,12
1769,8
1770,28
1788,1
1789,2
1790,3
1791,5
1792,4
1793,3
1794,3
1796,2
1797,7
1798,8
1799,2
1808,2
1884,1
1887,2
1893,7
1897,1
1898,2
1899,4
1900,10
1901,2
1905,2
1906,8
1907,3
1908,1
1909,1
1915,1
1916,1
1925,1
1947,1
1951,3
1952,1
1953,30
1954,2
1955,32
1956,35
1958,3
1959,1
1960,23
1962,17
1963,2
1969,39
1970,4
1971,36
1972,47
1973,43
1975,16
1976,3
1978,1
1981,6
1982,7
1994,1
1995,1
1997,13
1998,16
1999,6
2000,4
2001,3
2002,1
2003,5
2004,17
2005,4
2014,1
2094,1
2096,1
2097,1
2099,2
2105,2
2106,6
2107,6
2108,5
2109,1
2112,6
2113,3
2122,1
2124,1
2128,3
2153,1
2155,1
2156,1
2157,1
2158,29
2159,3
2160,5
2161,13
2162,38
2163,8
2164,17
2165,12
2166,19
2167,13
2168,2
2172,4
2173,3
2174,1
2175,3
2176,6
2177,11
2178,30
2179,32
2180,18
2181,3
2182,1
2183,6
2185,9
2187,16
2188,38
2198,3
2200,1
2202,2
2203,7
2204,5
2206,20
2207,2
2209,1
2210,1
2211,3
2212,9
2296,1
2299,1
2301,1
2302,1
2304,1
2306,1
2310,1
2312,1
2313,2
2314,4
2315,2
2318,1
2319,3
2320,8
2327,1
2341,1
2342,2
2354,5
2355,3
2357,2
2358,9
2359,3
2360,17
2361,13
2362,1
2363,50
2364,3
2365,7
2366,4
2367,18
2368,7
2370,8
2371,4
2372,8
2373,1
2374,6
2378,1
2381,14
2382,18
2383,20
2384,34
2385,24
2387,2
2388,5
2391,1
2393,7
2394,20
2397,2
2402,2
2403,3
2404,3
2405,3
2407,1
2408,9
2409,11
2410,2
2411,6
2412,27
2414,1
2416,1
2418,4
2419,7
2506,1
2509,1
2513,1
2520,1
2522,1
2523,1
2524,1
2544,1
2547,1
2549,1
2550,1
2553,1
2564,8
2568,1
2569,6
2570,14
2571,73
2572,155
2573,42
2574,1
2575,1
2576,2
2577,5
2578,15
2579,3
2580,8
2581,3
2583,1
2585,1
2586,2
2588,28
2589,42
2590,49
2591,22
2592,6
2593,10
2594,1
2595,2
2598,1
2599,6
2600,1
2601,6
2602,1
2603,7
2604,1
2609,1
2610,3
2611,2
2612,2
2613,2
2614,4
2615,2
2616,16
2617,9
2618,8
2619,26
2620,3
2621,1
2622,3
2625,1
2630,1
2711,1
2714,2
2715,6
2718,8
2726,1
2727,1
2728,1
2729,2
2730,1
2733,3
2747,1
2752,2
2753,1
2775,4
2776,8
2777,15
2778,15
2779,74
2780,4
2782,1
2783,1
2784,7
2785,12
2786,13
2789,1
2791,21
2792,3
2793,6
2794,33
2795,22
2796,19
2797,12
2798,14
2799,58
2800,6
2801,1
2802,2
2803,1
2804,4
2805,2
2806,4
2808,1
2809,2
2815,3
2818,3
2819,1
2820,5
2821,3
2822,14
2824,2
2825,5
2826,1
2829,1
2830,1
2835,1
2919,1
2932,4
2933,1
2934,1
2937,1
2938,2
2939,1
2940,1
2941,3
2952,1
2974,5
2981,1
2982,100
2983,21
2984,14
2985,40
2986,6
2987,13
2988,24
2990,1
2992,1
2993,14
2994,1
2995,26
2996,3
2997,3
2998,1
2999,11
3000,29
3001,56
3002,18
3003,44
3004,47
3005,75
3006,10
3008,5
3009,6
3010,7
3013,2
3014,1
3016,2
3017,1
3020,2
3021,2
3024,35
3025,14
3026,10
3027,10
3028,10
3029,8
3033,2
3137,2
3138,9
3139,11
3140,1
3141,1
3142,7
3143,1
3144,4
3148,1
3160,1
3179,2
3180,3
3187,7
3188,28
3189,58
3190,7
3191,3
3193,2
3194,10
3197,1
3198,2
3201,10
3202,36
3203,10
3204,14
3205,2
3206,45
3208,57
3209,30
3210,7
3211,5
3213,1
3214,2
3215,22
3216,3
3218,3
3220,2
3221,2
3222,11
3224,3
3229,3
3230,4
3231,10
3232,8
3233,1
3234,1
3235,3
3236,1
3247,2
3298,1
3331,1
3332,1
3333,1
3342,1
3343,1
3344,5
3345,9
3346,2
3347,4
3348,5
3349,1
3353,1
3354,1
3358,1
3383,1
3384,2
3386,2
3387,1
3393,2
3394,1
3395,4
3396,18
3397,43
3398,25
3399,2
3400,2
3401,8
3402,6
3407,4
3408,22
3409,18
3410,3
3412,11
3413,55
3414,52
3415,45
3416,10
3419,1
3420,4
3421,4
3422,3
3423,6
3424,6
3427,10
3429,2
3430,1
3435,1
3437,11
3438,9
3439,8
3535,1
3538,2
3539,2
3545,7
3546,1
3547,1
3549,7
3550,1
3553,3
3554,10
3555,1
3556,2
3560,1
3561,1
3574,1
3575,1
3576,1
3590,2
3591,2
3592,3
3602,4
3603,16
3604,20
3605,1
3606,3
3607,5
3608,6
3609,2
3611,1
3613,1
3614,21
3615,19
3616,3
3617,4
3618,43
3619,25
3620,43
3621,8
3623,2
3624,16
3625,2
3626,5
3627,5
3628,4
3629,17
3630,10
3631,5
3633,12
3635,6
3636,2
3639,1
3640,3
3641,1
3642,3
3643,2
3644,2
3645,5
3651,4
3652,8
3659,3
3673,1
3695,1
3742,1
3743,1
3746,4
3749,2
3751,10
3752,8
3753,7
3755,1
3756,14
3757,4
3760,7
3761,2
3764,2
3766,1
3767,2
3772,1
3784,1
3785,1
3797,1
3798,2
3807,1
3808,3
3809,24
3810,1
3813,6
3814,9
3815,4
3816,24
3817,1
3818,3
3819,7
3820,1
3821,2
3822,4
3823,9
3824,2
3825,1
3826,19
3827,1
3828,18
3829,31
3830,47
3831,20
3832,14
3833,1
3834,10
3835,6
3836,8
3837,8
3838,6
3839,1
3840,12
3841,4
3842,8
3843,1
3845,11
3846,28
3849,9
3850,7
3852,2
3857,3
3858,1
3865,1
3868,1
3952,4
3955,1
3957,6
3961,1
3962,4
3965,3
3966,1
3967,2
3968,1
3969,1
3971,1
3972,1
3991,3
4003,48
4014,6
4015,39
4016,1
4019,3
4020,12
4021,7
4022,8
4023,21
4024,12
4025,10
4026,5
4027,15
4034,59
4035,73
4036,45
4037,25
4038,8
4039,7
4040,1
4042,16
4043,3
4044,2
4047,4
4048,2
4049,6
4050,14
4051,38
4052,6
4053,1
4056,5
4057,2
4058,18
4059,10
4062,1
4064,2
4068,1
4075,1
4084,1
4154,1
4155,4
4160,3
4161,3
4168,1
4170,2
4171,2
4177,2
4182,5
4183,2
4184,1
4197,1
4206,1
4208,1
4220,3
4221,12
4222,3
4224,2
4225,2
4226,1
4227,1
4228,14
4229,4
4230,5
4231,8
4232,3
4233,28
4234,29
4235,42
4236,2
4237,1
4240,39
4241,56
4242,52
4243,36
4244,6
4245,3
4246,11
4247,3
4248,26
4250,2
4254,1
4255,5
4256,8
4257,9
4258,20
4259,1
4260,4
4261,3
4262,13
4263,10
4264,1
4268,2
4269,1
4274,1
4276,1
4278,1
4279,1
4280,1
4289,1
4366,1
4367,5
4368,4
4369,4
4374,3
4375,3
4376,4
4377,1
4378,1
4387,1
4389,6
4390,1
4394,5
4405,1
4406,1
4412,1
4426,2
4427,1
4428,5
4429,7
4430,36
4431,5
4432,7
4433,22
4434,4
4435,1
4436,3
4437,4
4438,26
4439,17
4440,77
4441,56
4442,12
4443,2
4445,3
4446,22
4447,13
4448,26
4449,4
4450,1
4451,2
4452,8
4453,2
4454,11
4455,1
4460,33
4461,38
4462,2
4463,12
4464,1
4465,5
4466,1
4467,3
4468,2
4469,8
4470,1
4476,1
4481,2
4483,3
4485,2
4573,5
4574,7
4576,3
4577,5
4580,1
4581,5
4586,2
4590,4
4593,1
4596,1
4612,5
4613,2
4619,1
4632,3
4633,11
4634,5
4635,3
4636,11
4637,56
4638,5
4639,4
4640,11
4641,2
4642,8
4643,6
4644,8
4645,10
4646,7
4647,15
4648,3
4649,18
4650,1
4651,27
4652,25
4653,32
4654,15
4655,4
4656,8
4657,8
4658,18
4659,4
4660,6
4662,1
4663,24
4664,9
4666,8
4667,23
4668,30
4669,5
4670,10
4671,1
4673,6
4674,13
4675,7
4676,1
4683,2
4687,1
4688,6
4690,1
4691,1
4692,1
4693,1
4710,1
4713,1
4720,1
4773,2
4782,7
4783,2
4784,1
4785,1
4786,1
4789,3
4790,2
4791,2
4792,6
4793,4
4794,1
4795,3
4796,1
4797,1
4800,2
4801,1
4802,5
4803,1
4804,1
4805,1
4819,4
4820,3
4825,1
4834,9
4835,8
4837,2
4838,44
4839,12
4842,3
4843,29
4844,27
4845,47
4847,1
4848,3
4849,7
4850,15
4852,4
4854,2
4855,4
4856,2
4857,50
4858,5
4859,78
4860,18
4861,14
4862,14
4863,37
4864,2
4865,24
4866,5
4867,43
4868,39
4869,5
4870,3
4871,1
4873,42
4874,2
4876,3
4877,3
4878,3
4879,1
4880,1
4883,11
4884,15
4886,1
4887,1
4889,1
4892,2
4893,2
4895,1
4896,4
4897,8
4904,1
4927,1
4988,1
4989,2
4990,2
4995,2
4997,3
4998,7
4999,3
5000,6
5001,8
5002,2
5003,6
5004,3
5007,5
5008,11
5009,6
5010,7
5011,1
5012,11
5025,1
5026,3
5027,6
5041,2
5042,5
5043,3
5044,11
5045,2
5046,2
5048,50
5049,24
5050,30
5051,13
5052,6
5053,1
5055,3
5056,21
5057,12
5058,3
5059,5
5060,5
5061,3
5063,2
5064,27
5065,8
5066,19
5067,16
5068,22
5069,4
5070,9
5071,36
5072,6
5073,11
5074,10
5075,1
5076,1
5077,7
5078,6
5080,1
5081,6
5082,1
5083,2
5084,3
5085,1
5088,1
5094,1
5095,2
5099,3
5100,4
5101,4
5102,4
5103,3
5105,1
5108,1
5109,2
5112,1
5117,1
5122,1
5142,1
5146,1
5176,1
5188,1
5194,2
5195,2
5199,1
5200,1
5202,4
5203,4
5204,4
5205,4
5206,12
5207,2
5209,1
5210,1
5212,1
5213,4
5214,7
5215,12
5216,5
5217,1
5229,1
5230,3
5231,1
5232,5
5233,5
5236,1
5247,4
5248,24
5249,38
5250,1
5251,1
5252,3
5253,1
5254,82
5255,111
5256,33
5257,50
5258,8
5259,6
5261,4
5262,8
5263,11
5264,10
5265,12
5266,8
5267,1
5268,1
5270,33
5271,27
5272,27
5273,22
5274,30
5275,31
5276,25
5277,36
5278,14
5279,5
5281,13
5282,34
5283,7
5285,5
5286,3
5287,7
5288,13
5290,1
5292,2
5293,1
5294,3
5295,2
5299,5
5300,3
5301,1
5305,4
5306,5
5307,3
5310,3
5312,1
5318,1
5347,1
5394,4
5400,1
5403,5
5407,4
5408,3
5409,3
5410,10
5411,8
5413,1
5414,4
5415,1
5416,2
5418,8
5419,10
5420,14
5421,6
5422,5
5423,11
5438,14
5439,15
5440,20
5442,1
5453,1
5454,38
5455,16
5456,1
5458,1
5459,1
5460,56
5461,160
5462,65
5463,92
5464,12
5465,1
5467,1
5468,3
5469,6
5470,3
5471,6
5472,42
5473,7
5474,2
5476,7
5477,20
5478,25
5479,45
5480,42
5481,38
5482,45
5483,47
5484,69
5485,43
5486,8
5487,9
5488,4
5489,21
5490,50
5492,1
5493,4
5496,1
5497,2
5498,1
5502,1
5504,2
5511,7
5513,5
5514,1
5515,1
5517,1
5557,1
5597,1
5599,1
5601,1
5603,3
5605,2
5608,2
5609,1
5610,1
5613,2
5614,6
5615,3
5616,15
5618,1
5620,2
5623,3
5624,2
5625,8
5626,10
5627,2
5628,10
5643,1
5644,4
5645,16
5646,7
5647,8
5648,7
5649,7
5658,4
5659,2
5660,2
5661,12
5664,1
5665,17
5666,63
5667,27
5668,7
5669,51
5670,11
5673,1
5674,6
5675,12
5676,21
5677,25
5678,22
5679,1
5680,14
5681,1
5682,10
5683,17
5684,26
5685,13
5686,26
5687,62
5688,36
5689,28
5690,29
5691,6
5692,4
5693,16
5694,33
5695,36
5696,30
5697,1
5698,1
5702,1
5708,1
5709,1
5710,1
5711,3
5716,4
5717,2
5718,2
5719,1
5720,2
5736,1
5766,1
5773,3
5810,1
5813,1
5817,3
5819,1
5821,3
5822,5
5825,1
5827,1
5828,9
5829,4
5830,5
5831,2
5832,11
5833,13
5834,16
5835,4
5841,4
5850,2
5851,20
5852,11
5853,12
5854,22
5855,4
5862,1
5865,29
5866,33
5867,73
5868,19
5869,1
5870,8
5871,5
5872,73
5873,69
5874,4
5875,19
5876,9
5877,27
5878,8
5879,20
5880,8
5881,26
5882,15
5883,38
5884,37
5885,3
5886,13
5887,9
5888,39
5889,39
5890,10
5891,9
5892,25
5893,30
5894,18
5895,22
5896,11
5897,10
5899,28
5900,39
5901,52
5902,40
5903,51
5904,2
5909,1
5910,2
5916,2
5920,1
5921,5
5922,1
5979,2
6004,1
6017,6
6020,7
6024,1
6027,1
6030,2
6031,1
6033,1
6034,3
6035,17
6036,2
6037,1
6038,3
6039,14
6040,11
6047,2
6053,1
6054,1
6055,1
6056,2
6057,32
6058,37
6059,21
6060,57
6062,1
6063,2
6068,4
6070,23
6071,1
6072,58
6073,69
6074,28
6075,10
6076,47
6077,24
6078,22
6079,48
6080,12
6081,65
6082,25
6083,33
6084,41
6085,21
6086,41
6087,14
6088,25
6089,32
6090,3
6091,14
6092,18
6093,25
6094,20
6095,8
6096,17
6097,43
6098,23
6099,19
6100,9
6101,21
6102,6
6103,44
6104,6
6105,45
6106,6
6107,10
6108,33
6109,21
6110,3
6111,2
6120,2
6121,1
6123,1
6127,3
6224,1
6225,1
6226,1
6229,1
6230,2
6231,1
6232,1
6233,1
6234,1
6238,4
6239,1
6240,1
6241,2
6242,5
6243,12
6244,8
6245,5
6246,10
6247,1
6249,1
6250,4
6251,1
6252,1
6253,7
6256,1
6257,1
6258,1
6260,1
6261,1
6262,3
6263,14
6264,36
6265,22
6266,22
6267,30
6269,2
6270,1
6275,10
6276,39
6277,26
6278,15
6279,32
6280,10
6281,24
6283,2
6284,3
6285,2
6286,15
6287,14
6288,15
6289,10
6290,62
6291,8
6292,11
6293,31
6294,11
6295,15
6296,7
6297,2
6298,2
6299,10
6300,6
6301,5
6302,9
6303,14
6304,16
6305,23
6306,14
6307,11
6308,23
6309,29
6310,31
6311,23
6312,42
6313,18
6314,6
6315,33
6316,37
6317,2
6318,12
6319,1
6326,1
6327,1
6328,1
6396,1
6397,1
6428,1
6438,1
6439,7
6440,1
6442,2
6443,1
6446,3
6447,5
6448,6
6449,3
6450,7
6451,13
6455,3
6458,1
6459,2
6460,4
6461,7
6462,5
6463,12
6464,21
6465,8
6471,3
6472,13
6473,8
6481,1
6483,9
6484,16
6485,1
6486,48
6488,2
6491,5
6492,14
6493,4
6494,11
6495,36
6496,13
6497,4
6498,35
6499,47
6500,16
6501,3
6502,33
6503,21
6504,5
6505,1
6506,14
6507,15
6508,24
6509,20
6510,30
6511,14
6512,25
6513,22
6514,20
6515,31
6516,40
6517,12
6518,16
6519,32
6520,26
6521,34
6522,41
6523,3
6525,1
6526,3
6530,2
6531,1
6533,1
6541,1
6542,2
6563,1
6604,1
6623,1
6640,3
6649,1
6651,2
6652,2
6654,7
6655,1
6656,2
6658,6
6659,7
6662,6
6663,12
6664,5
6665,7
6666,5
6667,8
6668,4
6669,12
6670,4
6671,22
6672,7
6675,1
6676,1
6679,1
6680,10
6688,3
6689,8
6690,6
6691,12
6692,4
6693,2
6694,2
6697,5
6698,7
6699,13
6700,7
6701,16
6702,26
6703,2
6704,24
6705,37
6706,27
6707,4
6708,26
6709,28
6710,24
6711,2
6712,7
6713,13
6714,8
6715,10
6716,29
6717,15
6718,13
6719,19
6720,20
6721,27
6722,38
6723,17
6724,12
6725,35
6726,34
6727,22
6728,39
6729,20
6730,1
6734,3
6738,1
6750,1
6810,1
6814,1
6854,3
6858,3
6859,2
6860,5
6862,1
6863,5
6864,8
6865,4
6866,10
6867,4
6868,34
6869,21
6870,2
6871,7
6872,19
6873,12
6874,16
6875,6
6876,11
6877,12
6878,1
6882,1
6883,2
6884,33
6885,21
6886,39
6892,7
6893,6
6894,37
6895,109
6896,31
6897,9
6898,2
6903,4
6905,6
6906,8
6908,11
6909,38
6910,26
6911,17
6912,4
6913,8
6914,21
6915,35
6916,21
6917,3
6918,26
6919,45
6920,23
6921,13
6922,30
6923,20
6924,32
6925,33
6926,37
6928,15
6929,18
6930,27
6931,27
6932,18
6933,28
6934,18
6941,1
6943,1
6945,1
6953,1
6955,1
6960,2
6965,1
7061,4
7063,2
7066,2
7068,1
7070,1
7071,2
7072,9
7073,24
7074,13
7075,3
7077,2
7078,4
7079,24
7080,10
7081,32
7082,14
7083,4
7084,4
7087,1
7089,1
7090,1
7091,6
7092,15
7093,19
7094,25
7098,1
7101,29
7102,3
7103,13
7104,4
7105,8
7106,1
7107,7
7109,13
7110,14
7111,28
7112,22
7113,8
7114,15
7115,19
7116,26
7117,36
7118,5
7119,10
7120,6
7121,18
7122,9
7123,9
7124,28
7125,30
7126,18
7127,24
7128,15
7129,19
7130,12
7131,22
7132,6
7134,1
7135,23
7136,31
7137,30
7138,12
7139,8
7140,1
7141,2
7145,2
7146,1
7149,3
7153,1
7164,1
7173,1
7268,1
7269,1
7270,4
7272,2
7276,2
7277,4
7279,2
7280,4
7281,7
7282,24
7283,1
7284,2
7285,13
7286,19
7287,22
7288,15
7289,25
7290,5
7291,3
7292,1
7293,22
7294,4
7295,8
7297,4
7298,4
7299,24
7300,57
7301,2
7306,28
7307,52
7308,39
7309,5
7310,12
7311,14
7312,11
7313,11
7315,12
7316,11
7317,14
7318,17
7319,5
7320,8
7321,9
7322,8
7324,10
7325,30
7326,7
7327,25
7328,15
7329,1
7330,19
7331,17
7332,22
7333,37
7334,23
7335,21
7336,23
7337,6
7339,15
7340,4
7341,4
7342,11
7343,29
7344,16
7346,11
7347,6
7349,2
7350,13
7351,2
7352,2
7353,1
7371,1
7378,1
7470,1
7471,3
7473,1
7481,1
7483,1
7484,1
7485,1
7486,5
7488,1
7489,28
7491,1
7492,1
7493,2
7494,13
7495,1
7497,6
7498,1
7499,31
7500,8
7502,1
7503,7
7504,6
7505,11
7506,5
7507,1
7511,1
7512,2
7513,4
7514,1
7516,1
7518,1
7520,1
7522,1
7523,43
7524,75
7525,37
7526,5
7527,29
7528,19
7529,2
7530,4
7531,12
7532,11
7533,31
7534,35
7535,1
7536,20
7537,11
7539,32
7540,17
7541,21
7542,4
7544,9
7545,16
7546,11
7547,7
7548,7
7549,7
7550,8
7551,3
7552,12
7553,5
7554,5
7555,6
7556,3
7558,2
7563,1
7564,2
7580,1
7584,1
7589,1
7592,1
7675,3
7676,1
7677,1
7686,5
7688,8
7690,1
7692,1
7693,115
7694,63
7695,57
7698,1
7699,3
7700,49
7701,245
7705,30
7706,15
7707,36
7708,32
7709,63
7710,23
7711,16
7712,11
7715,3
7717,2
7718,2
7722,3
7723,13
7724,7
7725,4
7726,3
7727,11
7728,9
7729,30
7730,35
7731,35
7732,10
7733,44
7734,24
7735,2
7736,9
7737,12
7738,21
7739,34
7740,16
7741,4
7742,21
7743,13
7744,28
7745,35
7746,11
7747,21
7748,7
7749,2
7750,14
7751,23
7752,2
7753,7
7754,8
7755,3
7756,3
7757,6
7758,1
7759,5
7760,5
7761,5
7762,4
7836,3
7844,1
7880,2
7890,8
7891,18
7892,15
7893,6
7894,28
7895,5
7896,71
7897,18
7898,5
7899,24
7900,197
7901,32
7902,12
7903,5
7906,2
7907,13
7908,13
7911,16
7912,18
7913,5
7914,29
7915,25
7916,34
7917,19
7918,32
7919,24
7920,2
7921,4
7922,1
7923,3
7924,12
7925,1
7926,1
7927,1
7929,27
7931,2
7932,5
7933,1
7934,8
7935,12
7936,74
7937,12
7938,27
7939,15
7940,35
7941,53
7943,5
7944,6
7945,12
7946,18
7948,23
7949,15
7950,18
7951,28
7952,25
7953,21
7954,10
7955,1
7957,7
7958,16
7959,8
7960,3
7961,2
7962,1
7963,3
7967,2
7968,6
7975,3
7976,1
8001,1
8046,1
8095,6
8096,6
8097,8
8098,9
8099,11
8100,6
8101,41
8102,108
8103,57
8104,8
8105,43
8106,9
8107,56
8108,16
8109,4
8111,1
8112,4
8113,3
8114,1
8116,7
8117,29
8118,12
8119,19
8120,26
8121,12
8122,14
8123,16
8124,25
8125,8
8126,5
8127,2
8128,14
8129,35
8130,41
8131,13
8132,3
8134,2
8136,2
8139,7
8140,11
8142,6
8143,1
8144,11
8145,1
8146,9
8147,7
8148,3
8149,22
8153,8
8154,21
8155,4
8156,9
8157,12
8158,27
8159,5
8160,21
8161,6
8162,1
8163,18
8164,17
8168,1
8169,9
8170,4
8173,2
8174,4
8179,1
8295,1
8296,1
8298,2
8301,3
8302,8
8303,12
8304,9
8305,22
8306,12
8307,2
8308,3
8309,38
8310,8
8312,64
8313,43
8314,83
8315,45
8316,6
8323,2
8324,1
8325,5
8326,5
8327,11
8328,2
8329,14
8330,19
8334,7
8335,87
8336,60
8337,69
8338,34
8339,4
8340,9
8341,1
8342,1
8343,4
8345,1
8346,15
8347,34
8348,2
8349,4
8350,17
8351,70
8352,20
8353,30
8354,15
8355,23
8356,17
8357,1
8358,1
8359,4
8360,31
8361,11
8362,16
8363,16
8364,19
8365,2
8366,17
8367,2
8369,7
8370,17
8371,6
8372,2
8373,3
8376,3
8377,1
8380,1
8413,3
8498,1
8499,2
8504,1
8505,2
8507,16
8508,9
8510,17
8511,23
8512,6
8513,13
8514,1
8515,4
8516,131
8517,4
8518,14
8519,7
8520,106
8521,6
8522,1
8529,1
8531,2
8532,2
8533,14
8534,13
8535,10
8536,8
8540,7
8541,57
8542,55
8543,37
8544,3
8545,35
8546,17
8547,26
8548,4
8549,7
8550,2
8551,2
8552,11
8553,8
8554,1
8555,1
8556,18
8557,22
8558,48
8559,27
8560,7
8561,11
8562,3
8563,3
8564,5
8565,1
8567,3
8568,7
8569,5
8570,5
8571,47
8572,15
8573,14
8574,1
8575,11
8576,5
8577,1
8578,3
8579,1
8580,1
8584,1
8587,2
8615,1
8628,1
8703,3
8704,1
8705,3
8710,1
8714,3
8715,1
8718,5
8719,4
8720,16
8721,3
8722,3
8723,86
8724,152
8725,72
8726,24
8727,36
8729,25
8730,4
8733,6
8734,4
8737,3
8740,23
8741,34
8742,8
8743,9
8746,1
8747,19
8748,33
8749,23
8750,6
8751,32
8752,254
8753,34
8754,44
8755,5
8756,4
8757,15
8758,12
8759,14
8760,5
8761,4
8762,15
8763,9
8764,19
8765,65
8766,38
8767,31
8768,11
8769,2
8770,1
8771,1
8776,2
8777,7
8778,8
8779,18
8780,9
8782,3
8783,1
8784,1
8785,20
8786,7
8787,1
8788,1
8834,1
8864,1
8869,1
8910,1
8920,3
8921,4
8923,1
8925,2
8926,8
8928,1
8929,143
8930,69
8931,18
8932,5
8933,9
8934,23
8935,40
8936,33
8937,2
8938,3
8939,1
8943,8
8944,4
8945,4
8946,18
8947,13
8948,19
8949,30
8950,17
8951,5
8952,2
8954,2
8956,1
8957,1
8958,20
8959,12
8960,15
8961,10
8962,9
8964,9
8965,3
8966,19
8967,4
8969,2
8970,6
8971,34
8972,45
8973,32
8974,22
8976,15
8977,1
8978,4
8982,12
8984,12
8985,17
8986,5
8987,5
8991,7
8992,5
8998,2
9044,1
9068,3
9118,1
9123,2
9124,1
9125,2
9126,11
9127,7
9132,2
9133,1
9134,1
9135,8
9136,168
9137,28
9138,41
9139,3
9141,2
9142,7
9143,3
9146,1
9147,5
9150,8
9151,3
9152,3
9154,11
9155,1
9156,2
9158,5
9159,9
9160,12
9161,3
9162,2
9163,2
9164,9
9165,4
9166,10
9167,17
9168,6
9169,21
9170,1
9171,1
9172,2
9173,1
9178,8
9179,49
9180,63
9181,8
9183,4
9184,1
9185,8
9186,1
9188,2
9189,4
9191,2
9192,1
9194,1
9197,7
9198,10
9199,2
9200,3
9205,1
9274,1
9286,1
9294,1
9329,6
9330,12
9331,8
9332,3
9334,3
9335,1
9337,3
9338,6
9339,4
9342,90
9343,13
9345,11
9347,1
9348,4
9349,3
9352,1
9353,3
9354,1
9355,5
9356,2
9357,3
9358,1
9359,1
9360,15
9361,27
9362,27
9363,12
9364,7
9365,2
9366,2
9367,1
9368,1
9369,24
9370,25
9371,2
9372,8
9373,10
9374,4
9375,1
9377,2
9379,1
9382,4
9383,26
9384,12
9385,53
9386,2
9387,3
9388,8
9389,2
9397,3
9401,3
9402,8
9403,2
9404,2
9406,1
9485,1
9533,1
9534,2
9535,2
9536,23
9537,3
9538,3
9539,4
9543,3
9544,2
9545,21
9547,1
9549,24
9551,5
9553,2
9554,4
9555,16
9556,7
9557,36
9558,1
9559,1
9560,22
9561,6
9562,2
9566,11
9567,6
9568,6
9569,8
9570,110
9571,72
9572,3
9573,3
9574,45
9575,47
9576,3
9577,14
9578,24
9579,20
9580,46
9581,6
9582,1
9583,6
9584,9
9585,9
9586,2
9589,47
9590,35
9591,46
9592,60
9593,1
9594,1
9597,8
9598,1
9603,4
9606,2
9608,7
9610,3
9611,1
9666,1
9739,3
9740,4
9741,6
9742,8
9743,31
9744,3
9745,5
9748,5
9750,6
9751,11
9752,5
9753,3
9755,73
9756,60
9757,9
9758,2
9759,7
9760,15
9761,11
9762,5
9763,13
9764,5
9765,28
9766,8
9767,2
9768,1
9772,7
9773,8
9774,3
9775,1
9776,4
9778,4
9779,7
9780,1
9781,27
9782,53
9783,9
9784,39
9785,45
9786,8
9787,15
9788,5
9789,4
9790,35
9791,11
9792,2
9793,2
9795,8
9796,36
9797,57
9798,6
9801,3
9802,4
9803,3
9804,2
9805,1
9809,7
9813,5
9814,6
9815,5
9816,3
9825,1
9946,3
9947,2
9949,11
9951,1
9954,4
9955,1
9956,1
9957,10
9958,4
9959,1
9961,50
9962,35
9963,53
9964,26
9965,10
9966,2
9967,16
9968,7
9970,10
9971,67
9972,22
9973,54
9978,5
9979,1
9981,2
9982,1
9983,14
9984,15
9985,10
9987,2
9988,2
9989,7
9990,13
9991,43
9992,23
9993,4
9994,6
9995,3
9996,15
9997,29
9998,2
9999,10
10000,7
10001,7
10002,4
10003,3
10004,50
10005,2
10007,5
10008,9
10009,6
10010,1
10018,3
10019,8
10020,8
10021,6
10022,10
10023,4
10024,2
10025,1
10026,1
10030,2
10031,4
10101,2
10155,1
10162,33
10163,8
10164,3
10165,3
10166,10
10167,13
10168,31
10169,41
10170,2
10171,6
10172,11
10173,4
10174,11
10175,13
10176,2
10177,34
10178,2
10179,1
10188,5
10189,13
10190,21
10191,24
10192,2
10194,73
10195,5
10196,23
10197,41
10198,13
10199,5
10200,14
10201,88
10202,70
10203,54
10204,3
10205,7
10206,23
10207,11
10209,2
10210,5
10211,33
10213,5
10214,7
10218,4
10219,1
10223,1
10224,18
10225,5
10226,5
10227,2
10228,8
10229,2
10230,2
10235,2
10364,1
10367,1
10368,8
10369,8
10370,2
10371,7
10372,3
10373,2
10374,8
10375,2
10376,10
10377,4
10378,3
10379,3
10380,14
10381,18
10382,2
10383,20
10384,44
10385,2
10386,19
10387,11
10392,1
10393,1
10395,12
10396,10
10397,8
10399,30
10400,11
10401,28
10402,9
10403,28
10404,50
10405,5
10406,4
10407,10
10408,12
10409,37
10410,44
10411,4
10412,2
10413,16
10414,8
10415,2
10416,1
10417,5
10418,8
10419,5
10420,5
10421,2
10422,1
10425,7
10427,4
10428,5
10429,1
10430,12
10431,9
10432,5
10433,1
10435,18
10436,13
10437,11
10438,5
10442,2
10444,3
10492,1
10570,1
10572,2
10573,4
10574,9
10575,4
10577,2
10578,3
10579,1
10580,8
10581,34
10582,11
10583,10
10584,35
10585,171
10586,3
10587,28
10588,85
10589,15
10590,41
10591,60
10592,19
10593,1
10594,3
10595,1
10600,7
10601,10
10602,4
10605,3
10606,21
10607,65
10608,21
10609,16
10610,53
10611,3
10613,4
10615,3
10616,7
10617,1
10618,9
10620,10
10621,2
10622,2
10623,5
10624,1
10625,2
10626,2
10627,1
10628,1
10630,2
10631,7
10632,6
10633,5
10634,5
10635,8
10636,23
10637,18
10638,1
10641,8
10642,12
10643,18
10644,7
10645,3
10649,1
10650,1
10771,2
10772,4
10779,2
10780,9
10781,15
10782,11
10783,5
10784,1
10785,6
10786,15
10787,7
10788,36
10789,11
10790,13
10791,70
10792,24
10793,7
10794,14
10795,13
10796,5
10797,34
10798,19
10799,23
10800,8
10801,1
10802,2
10803,2
10804,2
10807,6
10808,3
10809,6
10810,2
10811,2
10812,4
10814,8
10815,17
10816,16
10817,42
10818,2
10821,3
10822,2
10823,35
10825,2
10826,5
10827,5
10828,2
10829,1
10830,2
10832,1
10833,1
10836,1
10838,1
10839,12
10840,4
10841,2
10842,6
10843,1
10844,18
10845,7
10847,2
10848,13
10849,13
10850,25
10851,27
10852,5
10853,1
10855,4
10947,1
10976,1
10985,3
10986,11
10987,7
10988,4
10991,7
10992,7
10993,14
10994,19
10995,10
10996,14
10997,15
10998,15
10999,8
11000,15
11001,24
11002,7
11003,1
11004,16
11005,1
11006,1
11007,8
11009,7
11010,15
11011,1
11013,1
11014,4
11015,2
11016,1
11017,21
11018,25
11019,15
11020,13
11021,19
11022,59
11023,25
11024,1
11028,2
11032,43
11033,11
11036,1
11039,8
11040,12
11043,1
11044,5
11045,11
11046,11
11047,2
11048,5
11050,3
11051,12
11052,12
11053,7
11054,13
11055,28
11056,15
11057,1
11153,1
11192,5
11193,14
11194,17
11197,8
11198,21
11199,6
11200,10
11201,27
11202,61
11203,34
11204,8
11205,1
11206,7
11207,1
11209,14
11213,4
11214,14
11216,5
11217,3
11218,5
11219,3
11220,5
11221,40
11222,1
11223,3
11224,9
11225,11
11226,34
11227,1
11228,39
11229,25
11230,39
11231,2
11236,1
11238,5
11239,1
11242,3
11246,7
11247,4
11249,15
11250,12
11251,3
11252,8
11254,8
11255,6
11256,4
11257,7
11258,7
11259,23
11260,2
11261,32
11262,47
11263,20
11350,2
11386,2
11387,3
11400,18
11401,2
11402,2
11403,4
11404,132
11405,5
11406,8
11407,24
11408,60
11409,41
11410,5
11411,6
11412,1
11414,18
11415,4
11418,5
11420,4
11421,31
11422,4
11423,5
11424,4
11425,1
11429,2
11430,52
11431,31
11432,44
11433,18
11434,7
11435,8
11436,29
11442,2
11443,16
11444,5
11445,8
11449,1
11451,1
11452,7
11454,4
11455,10
11457,5
11458,7
11460,3
11461,17
11462,14
11463,10
11464,14
11465,5
11466,8
11467,10
11468,3
11476,1
11603,3
11606,4
11607,26
11608,19
11609,6
11610,32
11611,17
11612,11
11613,22
11614,40
11615,8
11616,6
11617,55
11618,4
11619,2
11620,5
11622,3
11624,10
11625,20
11626,11
11627,29
11628,21
11629,9
11630,11
11635,32
11636,56
11637,67
11638,44
11639,9
11640,42
11641,92
11642,98
11643,16
11644,119
11650,2
11654,1
11656,4
11658,9
11659,17
11660,23
11661,1
11663,1
11666,1
11667,14
11668,17
11669,25
11670,25
11671,3
11738,1
11799,1
11801,2
11804,1
11805,1
11812,4
11813,16
11814,25
11815,14
11816,15
11817,16
11818,18
11819,19
11820,43
11821,14
11822,26
11823,39
11824,6
11825,4
11827,3
11828,9
11829,18
11830,13
11831,7
11832,7
11833,30
11834,18
11835,21
11836,12
11840,13
11842,183
11843,74
11844,26
11845,52
11846,71
11847,63
11848,40
11849,56
11850,2
11857,1
11861,11
11862,4
11863,3
11864,14
11865,26
11866,1
11868,1
11869,3
11872,10
11873,30
11874,43
11875,26
11876,78
11877,35
11878,1
11985,1
12002,1
12017,23
12018,7
12019,25
12020,10
12021,17
12022,5
12023,14
12024,11
12025,26
12026,22
12027,11
12028,14
12029,19
12030,17
12031,6
12032,13
12033,1
12034,13
12035,16
12036,4
12037,8
12038,8
12039,7
12040,25
12041,68
12042,52
12043,4
12048,9
12049,65
12050,39
12051,10
12052,21
12053,61
12054,97
12055,44
12056,40
12057,9
12058,1
12059,1
12063,3
12066,1
12070,8
12071,14
12072,11
12073,6
12074,5
12076,1
12078,2
12079,10
12080,31
12081,26
12082,30
12083,58
12084,27
12085,1
12212,1
12223,2
12224,13
12225,10
12226,10
12227,44
12228,18
12229,14
12230,7
12231,26
12232,12
12233,17
12234,22
12235,7
12236,30
12237,40
12238,1
12240,1
12241,22
12242,49
12243,6
12244,8
12245,32
12246,54
12247,23
12248,20
12249,56
12250,1
12252,1
12254,4
12255,39
12256,48
12257,20
12258,42
12259,36
12260,76
12261,101
12262,9
12263,18
12265,1
12267,1
12274,2
12275,1
12276,15
12277,10
12278,9
12279,4
12280,2
12281,10
12282,15
12284,3
12285,3
12287,4
12288,5
12289,4
12290,7
12291,1
12299,1
12300,1
12351,1
12383,2
12420,1
12427,1
12431,4
12432,18
12433,19
12435,10
12436,3
12437,23
12438,21
12439,5
12440,19
12441,3
12442,12
12444,12
12447,18
12448,21
12449,5
12450,11
12451,30
12452,10
12453,26
12454,22
12455,38
12456,20
12457,12
12458,20
12459,1
12461,205
12462,47
12463,9
12464,22
12465,69
12466,53
12467,58
12468,51
12469,17
12471,2
12472,4
12474,1
12475,1
12479,3
12480,29
12481,13
12482,6
12483,9
12484,3
12485,6
12486,7
12487,16
12488,8
12489,36
12490,3
12491,5
12493,1
12497,1
12503,1
12504,5
12505,5
12506,2
12510,1
12513,1
12558,1
12559,1
12610,1
12626,2
12627,4
12628,1
12630,1
12632,6
12633,1
12634,2
12636,1
12637,24
12638,24
12639,11
12640,3
12641,14
12642,6
12643,5
12644,8
12645,3
12646,8
12647,3
12648,15
12649,1
12650,14
12651,3
12652,16
12653,3
12654,28
12655,21
12656,50
12657,7
12658,7
12659,15
12660,70
12661,7
12662,14
12663,47
12664,22
12665,53
12666,22
12667,59
12668,61
12669,24
12670,10
12671,36
12672,52
12673,41
12674,22
12675,13
12676,2
12677,4
12678,3
12681,1
12685,11
12686,2
12687,1
12688,2
12689,30
12690,12
12691,17
12692,17
12693,10
12694,6
12695,26
12696,4
12709,1
12710,2
12711,7
12715,1
12804,1
12832,2
12834,1
12835,1
12836,1
12837,1
12838,1
12840,1
12841,4
12843,7
12845,16
12846,3
12847,16
12848,9
12849,1
12850,6
12851,5
12852,13
12853,1
12854,1
12855,6
12856,4
12857,6
12858,6
12859,24
12860,65
12861,9
12862,80
12863,26
12864,11
12865,6
12866,11
12867,12
12868,1
12869,7
12870,26
12871,59
12872,6
12873,46
12874,1
12875,35
12876,27
12877,10
12878,37
12879,32
12880,69
12881,37
12882,9
12883,10
12884,2
12885,7
12886,4
12889,1
12890,3
12892,3
12893,2
12895,1
12896,11
12897,12
12898,20
12899,7
12900,28
12901,2
12902,7
12903,8
12910,3
12911,2
12912,1
12915,1
12917,2
12920,1
12923,1
12972,1
13010,1
13012,2
13038,1
13039,3
13040,3
13041,3
13047,1
13048,2
13049,2
13050,1
13051,1
13052,7
13053,6
13054,4
13055,22
13056,2
13057,27
13058,17
13059,4
13060,43
13061,51
13062,8
13063,15
13064,77
13065,58
13066,74
13067,9
13068,9
13069,2
13070,15
13071,1
13072,2
13073,16
13074,44
13075,3
13076,19
13077,9
13078,76
13079,58
13080,17
13081,30
13082,68
13083,44
13084,93
13085,49
13086,28
13087,87
13088,2
13089,5
13090,12
13091,7
13092,6
13097,3
13098,5
13100,1
13101,4
13102,9
13103,2
13104,7
13105,4
13106,2
13107,2
13108,16
13109,13
13110,1
13111,2
13112,2
13113,1
13115,1
13116,3
13118,5
13121,3
13122,2
13245,5
13246,2
13249,1
13254,1
13257,4
13258,11
13259,2
13260,1
13261,32
13262,11
13263,15
13264,13
13265,15
13267,5
13268,49
13269,35
13270,91
13271,17
13272,18
13273,72
13274,42
13275,7
13276,1
13277,1
13279,5
13280,26
13281,6
13282,6
13283,21
13284,28
13285,53
13286,73
13287,8
13288,48
13289,62
13290,60
13291,39
13292,53
13293,35
13294,6
13295,2
13296,2
13297,25
13299,1
13300,1
13301,17
13302,4
13303,15
13304,5
13305,1
13308,8
13309,10
13310,4
13311,2
13312,4
13313,7
13314,14
13315,2
13316,5
13317,1
13318,25
13319,11
13320,2
13321,2
13322,6
13323,5
13324,1
13326,4
13328,15
13329,1
13335,2
13417,1
13419,1
13423,1
13424,1
13429,1
13433,1
13459,1
13461,3
13463,15
13464,22
13465,2
13466,24
13467,27
13468,3
13469,27
13470,10
13471,25
13472,13
13473,33
13474,63
13475,54
13476,154
13477,40
13478,57
13479,50
13480,16
13482,7
13483,3
13484,53
13485,53
13486,30
13487,48
13488,31
13489,50
13490,64
13491,120
13492,65
13493,23
13494,13
13495,56
13496,130
13497,67
13498,7
13499,8
13500,9
13501,1
13502,10
13503,3
13504,1
13505,5
13506,6
13507,1
13509,2
13510,25
13511,2
13513,2
13514,11
13515,6
13516,2
13518,2
13519,5
13520,11
13522,1
13523,1
13524,9
13525,1
13526,2
13527,3
13532,4
13533,24
13539,1
13540,1
13589,1
13624,1
13625,1
13630,1
13661,1
13664,1
13666,2
13667,2
13668,49
13669,22
13670,7
13671,11
13672,23
13673,32
13674,5
13676,13
13677,19
13678,72
13679,16
13680,30
13681,58
13682,31
13683,53
13684,65
13685,53
13686,30
13687,22
13688,1
13689,16
13690,2
13691,52
13692,69
13693,56
13694,29
13695,63
13696,72
13697,82
13698,13
13699,18
13700,37
13701,4
13702,4
13703,10
13704,7
13705,18
13706,32
13707,8
13709,2
13710,9
13711,7
13712,20
13713,15
13714,37
13715,9
13716,1
13717,17
13720,3
13722,16
13723,9
13724,1
13726,5
13727,9
13728,4
13730,3
13731,3
13733,3
13734,2
13735,4
13736,4
13737,1
13738,1
13745,1
13746,1
13833,2
13867,1
13872,1
13874,28
13875,23
13876,31
13877,18
13878,13
13879,3
13880,12
13881,26
13882,11
13883,22
13884,48
13885,44
13886,14
13887,41
13888,63
13889,108
13890,66
13891,34
13892,33
13893,13
13894,74
13895,43
13896,72
13897,63
13898,65
13899,67
13900,41
13901,79
13902,57
13903,45
13904,8
13905,50
13906,10
13907,3
13908,68
13909,6
13910,33
13911,28
13912,19
13913,27
13914,28
13915,11
13916,22
13917,30
13918,34
13919,14
13920,40
13921,7
13922,39
13924,25
13925,68
13926,28
13927,35
13928,18
13929,17
13930,1
13931,5
13932,9
13933,7
13934,21
13936,6
13937,3
13940,2
13942,7
13946,1
13950,1
13952,1
14036,1
14038,1
14039,1
14040,1
14054,1
14073,3
14074,10
14075,1
14079,4
14080,1
14081,12
14082,27
14083,1
14084,37
14085,19
14086,34
14087,6
14088,32
14089,2
14090,53
14091,34
14092,46
14093,13
14094,44
14095,16
14096,88
14097,76
14098,19
14099,25
14100,7
14101,66
14102,113
14103,45
14104,10
14105,34
14106,18
14107,35
14108,4
14109,98
14110,25
14111,37
14112,34
14113,51
14114,24
14115,40
14116,45
14117,14
14118,8
14119,7
14120,13
14121,37
14122,27
14123,23
14124,53
14125,22
14126,33
14127,38
14128,31
14129,51
14130,13
14131,75
14132,98
14133,3
14134,5
14135,51
14136,14
14137,3
14138,4
14139,65
14140,28
14142,1
14143,5
14144,1
14145,2
14146,8
14147,1
14148,1
14149,1
14158,9
14161,2
14162,1
14208,1
14209,1
14241,1
14244,1
14278,5
14279,3
14280,1
14285,32
14286,2
14287,9
14288,37
14289,10
14290,19
14291,14
14292,35
14293,41
14294,22
14295,7
14296,26
14297,24
14298,58
14299,30
14300,48
14301,70
14302,102
14303,45
14304,48
14305,18
14306,73
14307,115
14308,69
14309,16
14310,141
14311,48
14312,46
14313,29
14314,25
14315,59
14316,58
14317,27
14318,13
14319,55
14320,21
14321,22
14322,12
14323,14
14324,22
14325,9
14326,14
14327,22
14328,17
14329,19
14330,2
14332,1
14334,1
14335,17
14336,45
14337,28
14338,3
14339,2
14340,3
14341,9
14342,5
14344,10
14345,33
14346,41
14347,2
14348,26
14350,1
14351,2
14357,3
14358,5
14361,2
14364,5
14368,3
14413,2
14422,1
14446,1
14451,1
14484,1
14485,5
14486,1
14491,2
14492,65
14494,11
14495,13
14496,6
14497,2
14498,1
14499,31
14500,7
14501,35
14502,67
14503,3
14504,56
14505,64
14506,52
14507,60
14508,56
14509,35
14511,35
14512,2
14513,45
14514,90
14515,58
14516,110
14517,138
14518,58
14519,71
14520,97
14521,68
14522,79
14523,53
14524,10
14525,9
14526,4
14527,24
14528,29
14529,56
14530,50
14531,42
14532,31
14533,8
14534,41
14535,29
14536,26
14537,2
14541,37
14542,66
14543,37
14544,64
14545,64
14546,87
14547,8
14548,8
14549,2
14551,6
14554,4
14556,8
14557,1
14558,2
14560,2
14563,3
14564,3
14565,11
14566,25
14568,1
14572,5
14573,3
14574,2
14575,2
14657,1
14690,4
14692,1
14695,1
14696,1
14697,1
14698,7
14699,4
14700,2
14701,5
14702,5
14703,10
14704,6
14705,16
14706,15
14707,3
14708,25
14709,15
14710,61
14711,87
14712,61
14713,46
14714,54
14715,21
14716,43
14717,22
14718,16
14719,41
14720,70
14721,92
14722,7
14723,118
14724,73
14725,77
14726,54
14727,96
14728,100
14729,51
14730,44
14731,57
14732,38
14733,18
14734,34
14735,41
14736,60
14737,61
14738,50
14739,6
14740,16
14741,23
14742,34
14743,16
14746,29
14747,15
14748,15
14749,122
14750,60
14751,37
14752,41
14753,22
14754,1
14756,5
14757,2
14759,2
14761,8
14762,2
14764,1
14766,4
14767,4
14768,9
14769,3
14770,2
14771,2
14772,1
14775,1
14776,5
14777,2
14778,6
14779,1
14780,5
14781,1
14783,1
14831,1
14860,2
14865,3
14867,2
14875,1
14897,3
14904,6
14905,8
14907,3
14908,6
14909,3
14910,43
14911,23
14912,42
14913,89
14914,28
14915,57
14916,11
14917,45
14918,47
14919,69
14920,124
14921,26
14922,22
14923,37
14924,12
14925,13
14926,48
14927,40
14928,66
14929,58
14930,40
14931,81
14932,96
14933,40
14934,44
14935,61
14936,69
14937,54
14938,77
14939,53
14940,57
14941,39
14942,20
14943,16
14944,12
14945,2
14947,19
14948,12
14949,15
14950,2
14952,1
14953,22
14954,11
14955,36
14956,79
14957,12
14958,21
14959,9
14960,4
14963,5
14966,1
14967,6
14968,1
14970,1
14971,6
14973,1
14974,1
14975,5
14976,6
14977,3
14978,7
14979,2
14980,6
14982,10
14983,1
14986,3
15029,2
15065,1
15067,5
15068,3
15069,1
15076,1
15081,9
15105,5
15106,3
15111,2
15112,8
15113,9
15114,51
15115,41
15116,9
15117,43
15118,34
15119,18
15120,59
15121,58
15122,83
15123,41
15124,15
15125,62
15126,70
15127,64
15128,68
15129,44
15130,21
15131,24
15132,10
15133,39
15134,51
15135,142
15136,34
15137,47
15138,44
15139,36
15140,60
15141,54
15142,22
15143,45
15144,57
15145,32
15146,74
15147,33
15148,10
15149,34
15150,16
15151,9
15153,25
15154,16
15155,9
15156,11
15157,19
15158,76
15159,17
15160,83
15161,43
15162,38
15163,10
15164,12
15165,7
15166,20
15167,1
15168,28
15169,12
15170,2
15171,10
15172,5
15173,4
15174,3
15176,2
15177,5
15178,8
15179,17
15180,2
15181,2
15182,51
15183,57
15184,5
15185,6
15186,6
15187,13
15188,2
15190,2
15193,1
15284,1
15311,1
15312,1
15316,1
15317,1
15318,4
15319,6
15320,16
15321,16
15322,44
15323,23
15324,11
15325,34
15326,57
15327,77
15328,83
15329,50
15330,37
15331,56
15332,53
15333,49
15334,30
15335,41
15336,18
15337,58
15338,20
15339,13
15340,26
15341,41
15342,62
15343,88
15344,47
15345,57
15346,41
15347,71
15348,51
15349,43
15350,35
15351,46
15352,82
15353,124
15354,62
15355,27
15356,43
15357,40
15358,5
15359,7
15360,9
15362,20
15364,1
15365,1
15366,14
15367,11
15368,29
15369,7
15370,28
15371,78
15372,25
15373,50
15374,36
15375,1
15377,7
15378,1
15381,6
15382,1
15383,4
15384,33
15385,32
15386,31
15387,24
15388,12
15389,5
15390,6
15392,5
15396,1
15401,1
15482,1
15485,1
15487,1
15489,2
15495,2
15523,5
15524,19
15525,3
15526,1
15527,1
15528,8
15529,10
15530,10
15531,10
15532,19
15533,84
15534,60
15535,63
15536,24
15537,16
15539,2
15540,1
15541,16
15542,42
15543,49
15544,6
15545,24
15546,80
15547,83
15548,83
15549,61
15550,99
15551,37
15552,63
15553,74
15554,40
15555,4
15557,48
15558,82
15559,14
15560,82
15561,37
15562,52
15563,2
15565,31
15566,55
15567,1
15568,10
15569,2
15571,2
15572,28
15573,33
15574,29
15575,34
15576,81
15577,44
15578,30
15579,10
15580,20
15581,2
15582,1
15583,3
15586,7
15587,20
15588,7
15589,4
15590,25
15591,38
15592,42
15593,11
15594,1
15595,7
15596,8
15597,1
15598,9
15600,3
15649,1
15690,1
15694,4
15695,1
15701,1
15725,1
15729,1
15730,2
15731,2
15732,22
15733,2
15735,13
15736,5
15737,2
15738,3
15739,16
15740,55
15741,37
15742,76
15743,8
15744,22
15747,38
15748,19
15749,145
15750,43
15751,79
15752,88
15753,56
15754,47
15755,69
15756,63
15757,62
15758,55
15759,97
15760,94
15761,23
15762,2
15763,1
15764,63
15765,55
15766,41
15767,10
15768,14
15769,24
15770,4
15771,10
15772,29
15773,24
15774,15
15775,11
15776,5
15778,23
15779,46
15780,52
15781,12
15782,98
15783,52
15784,33
15785,12
15786,35
15787,13
15788,37
15789,11
15790,3
15794,64
15795,27
15796,20
15797,1
15798,31
15799,41
15800,4
15801,3
15802,2
15804,3
15805,5
15806,2
15807,6
15814,1
15815,1
15855,1
15893,1
15898,1
15899,11
15900,5
15901,2
15905,1
15906,2
15907,1
15908,1
15912,2
15935,1
15936,22
15937,110
15938,50
15939,20
15940,13
15941,2
15942,37
15943,9
15944,79
15945,63
15946,14
15947,14
15948,65
15949,87
15950,24
15951,3
15952,8
15953,21
15954,68
15955,37
15956,43
15957,29
15958,85
15959,83
15960,57
15961,87
15962,86
15963,56
15964,77
15965,95
15966,78
15967,28
15968,12
15969,33
15970,21
15971,18
15972,8
15973,20
15974,20
15975,18
15976,1
15977,16
15978,48
15979,8
15980,13
15981,5
15982,3
15983,8
15984,69
15985,51
15986,3
15987,20
15988,23
15989,13
15990,20
15991,13
15992,16
15993,30
15994,10
15995,5
15996,19
15997,17
15998,13
16000,36
16001,47
16002,32
16003,5
16004,15
16005,4
16006,3
16007,12
16008,13
16009,24
16010,7
16011,3
16012,6
16013,4
16014,3
16018,2
16020,7
16021,1
16106,2
16108,1
16112,2
16136,5
16137,1
16142,2
16143,7
16144,30
16145,46
16146,37
16147,25
16148,37
16149,64
16150,92
16151,79
16152,91
16153,30
16154,31
16155,88
16156,54
16157,44
16158,31
16159,19
16160,53
16161,41
16162,16
16163,12
16164,50
16165,53
16166,22
16167,42
16168,33
16169,55
16170,93
16171,72
16172,108
16173,71
16174,132
16175,52
16176,27
16177,23
16178,33
16179,183
16180,48
16181,52
16182,11
16183,9
16184,25
16185,23
16186,8
16187,3
16188,1
16189,10
16190,28
16191,16
16194,3
16195,1
16196,13
16197,25
16198,27
16199,1
16200,24
16201,1
16202,13
16203,21
16204,7
16205,19
16206,1
16207,6
16208,36
16209,10
16210,10
16211,23
16212,2
16213,5
16214,45
16215,14
16217,1
16219,8
16220,14
16221,5
16223,5
16226,2
16249,1
16307,1
16308,1
16310,2
16311,3
16314,3
16315,1
16319,1
16320,2
16343,1
16344,5
16349,1
16350,21
16351,104
16352,64
16353,14
16354,29
16355,2
16356,94
16357,82
16358,33
16359,88
16360,63
16361,58
16362,32
16363,59
16364,16
16365,43
16366,61
16367,20
16368,52
16369,46
16370,37
16371,67
16372,97
16373,52
16374,66
16375,284
16376,40
16377,36
16378,20
16379,96
16380,19
16381,20
16382,4
16383,17
16384,26
16385,11
16386,15
16387,10
16389,1
16390,11
16391,33
16393,1
16394,1
16395,1
16396,2
16397,3
16399,1
16400,1
16402,30
16403,22
16404,50
16405,8
16406,4
16407,33
16408,2
16409,10
16410,10
16411,6
16412,2
16413,1
16414,10
16415,30
16416,49
16417,34
16418,1
16419,3
16420,66
16421,7
16422,2
16423,2
16424,7
16425,24
16426,7
16427,1
16428,2
16429,4
16432,4
16453,1
16477,1
16507,1
16508,2
16514,1
16516,1
16517,3
16520,4
16521,4
16525,6
16548,2
16549,1
16554,1
16556,4
16557,48
16558,36
16559,69
16560,18
16561,55
16562,60
16563,31
16564,40
16565,16
16566,64
16567,7
16568,14
16569,25
16570,18
16571,39
16572,36
16573,28
16574,3
16575,18
16576,36
16577,33
16578,54
16579,15
16580,34
16581,15
16582,114
16583,34
16584,11
16585,20
16586,11
16587,4
16588,60
16589,23
16590,28
16591,24
16592,24
16593,31
16594,4
16595,2
16598,1
16602,1
16606,1
16608,3
16609,2
16610,2
16611,3
16612,15
16613,14
16614,5
16615,15
16616,9
16617,6
16618,4
16619,2
16620,1
16621,19
16622,56
16623,52
16624,8
16625,14
16626,7
16627,17
16628,4
16629,6
16630,4
16631,29
16632,18
16633,38
16634,2
16635,1
16636,2
16638,1
16684,1
16685,1
16721,2
16722,2
16723,1
16724,1
16729,2
16737,1
16738,1
16754,1
16755,13
16758,5
16763,78
16764,20
16765,34
16766,45
16767,33
16768,37
16769,39
16770,25
16771,130
16772,36
16773,4
16775,20
16776,13
16777,51
16778,16
16779,6
16780,13
16781,17
16782,81
16783,54
16784,50
16785,86
16786,58
16787,131
16788,44
16789,90
16790,56
16791,51
16792,85
16793,38
16794,17
16795,25
16796,16
16797,74
16798,107
16799,3
16804,3
16805,1
16815,4
16816,2
16818,12
16819,23
16820,2
16822,12
16823,9
16824,3
16825,4
16826,1
16828,58
16829,44
16830,5
16832,4
16833,5
16834,2
16835,25
16836,6
16837,5
16838,8
16839,2
16840,5
16842,11
16843,6
16852,2
16864,1
16890,1
16916,3
16918,1
16919,2
16923,1
16928,3
16929,3
16930,2
16931,1
16933,1
16934,1
16943,1
16969,3
16970,6
16971,26
16972,4
16973,14
16974,26
16975,14
16976,21
16977,22
16978,20
16979,5
16980,12
16981,10
16982,7
16983,24
16984,26
16985,10
16986,1
16987,15
16988,60
16989,13
16990,43
16991,74
16992,163
16993,103
16994,103
16995,66
16996,105
16997,79
16998,21
17001,13
17002,18
17003,91
17004,48
17005,11
17007,2
17008,1
17011,2
17012,2
17013,3
17017,1
17021,5
17022,3
17024,2
17025,6
17026,2
17027,2
17028,3
17029,39
17030,30
17031,3
17034,1
17035,30
17036,41
17037,17
17039,2
17040,3
17041,6
17042,46
17043,16
17044,18
17045,12
17046,13
17049,3
17059,3
17094,1
17108,1
17124,1
17125,2
17129,1
17131,1
17133,1
17134,3
17135,1
17136,3
17137,3
17139,1
17174,2
17175,20
17176,30
17177,32
17178,26
17179,44
17180,22
17181,39
17182,31
17183,21
17185,14
17187,1
17188,4
17189,1
17190,20
17191,1
17192,11
17193,34
17194,38
17195,111
17196,53
17197,67
17198,119
17199,80
17200,116
17201,71
17202,20
17203,14
17204,9
17207,1
17208,57
17209,47
17210,8
17214,1
17219,1
17221,2
17225,2
17226,4
17227,1
17228,1
17231,1
17232,2
17233,25
17234,13
17235,13
17236,4
17239,1
17240,25
17241,38
17242,28
17243,19
17244,1
17245,1
17246,9
17247,32
17248,18
17249,12
17250,7
17251,3
17252,1
17334,1
17335,2
17339,1
17340,1
17342,2
17343,3
17344,2
17345,1
17346,1
17348,6
17379,1
17380,1
17381,53
17382,46
17383,23
17384,34
17385,38
17386,21
17387,40
17388,21
17389,2
17390,2
17391,1
17392,32
17393,2
17394,9
17396,3
17397,21
17398,31
17399,18
17400,13
17401,54
17402,76
17403,75
17404,86
17405,96
17406,67
17407,43
17408,30
17409,2
17410,5
17411,1
17414,13
17415,91
17416,43
17417,25
17418,3
17424,2
17432,1
17441,4
17442,6
17443,28
17444,26
17445,8
17446,5
17447,19
17448,15
17449,1
17451,2
17452,3
17453,6
17454,18
17455,24
17456,8
17457,27
17458,16
17459,10
17460,1
17462,2
17466,1
17467,1
17489,1
17540,3
17541,6
17542,1
17545,1
17546,1
17547,4
17550,5
17551,2
17553,4
17554,3
17559,1
17584,1
17586,7
17587,55
17588,43
17589,39
17590,19
17591,47
17592,25
17593,48
17594,9
17595,21
17596,6
17597,55
17598,3
17599,22
17600,1
17601,2
17602,11
17603,39
17604,19
17605,47
17606,43
17607,19
17608,59
17609,61
17610,36
17611,77
17612,153
17613,35
17614,26
17615,18
17616,40
17619,3
17620,28
17621,10
17622,1
17623,2
17631,1
17646,6
17648,3
17649,12
17650,8
17652,1
17653,7
17654,1
17657,10
17658,5
17659,14
17660,24
17661,10
17662,5
17663,13
17664,5
17665,4
17666,3
17667,2
17668,3
17672,5
17673,1
17675,1
17676,1
17741,1
17752,1
17753,3
17754,8
17755,3
17756,1
17757,2
17758,2
17759,9
17760,6
17761,2
17766,1
17769,3
17770,3
17773,1
17790,1
17793,8
17794,24
17795,48
17796,13
17797,19
17798,17
17799,33
17800,44
17801,27
17802,9
17803,10
17804,3
17805,4
17806,31
17807,39
17808,21
17809,39
17810,33
17811,24
17812,25
17813,16
17814,26
17815,86
17816,29
17817,24
17818,26
17819,33
17820,63
17821,3
17822,1
17823,15
17824,2
17825,18
17826,2
17827,1
17829,3
17837,2
17841,1
17853,6
17855,1
17856,10
17857,2
17859,1
17860,2
17861,3
17862,6
17863,9
17864,8
17866,6
17867,22
17870,4
17871,3
17872,1
17873,5
17876,16
17877,10
17878,4
17879,11
17880,6
17881,6
17920,1
17921,1
17953,1
17954,2
17955,1
17957,1
17958,2
17959,4
17960,4
17961,2
17962,1
17963,1
17965,2
17966,8
17971,1
17972,1
17974,3
17975,2
17976,2
17977,3
17999,27
18000,25
18001,42
18002,40
18003,57
18004,38
18005,34
18006,8
18007,30
18008,1
18009,6
18010,2
18011,14
18012,18
18013,21
18014,19
18015,40
18016,45
18017,9
18018,7
18019,11
18020,53
18021,63
18022,16
18023,24
18024,57
18025,49
18026,16
18027,18
18028,8
18029,29
18030,48
18031,2
18034,1
18038,1
18058,1
18059,13
18060,28
18061,17
18062,7
18066,3
18067,9
18068,4
18069,6
18070,7
18071,5
18072,6
18073,14
18074,5
18075,15
18076,5
18080,1
18081,6
18082,5
18083,1
18084,9
18085,6
18086,2
18087,8
18088,3
18089,2
18092,1
18127,1
18163,1
18164,1
18166,3
18168,2
18170,1
18171,2
18172,2
18173,3
18174,3
18178,1
18180,1
18183,2
18184,2
18207,18
18208,9
18209,35
18210,57
18211,39
18212,18
18213,13
18214,41
18215,34
18216,5
18217,2
18218,14
18219,23
18220,7
18221,16
18222,38
18223,29
18224,9
18225,42
18226,16
18227,58
18228,6
18229,2
18230,17
18231,7
18232,25
18233,24
18234,24
18235,2
18236,4
18237,4
18238,2
18239,1
18246,1
18265,6
18266,4
18267,4
18268,2
18269,42
18270,9
18273,8
18274,6
18275,4
18277,2
18278,10
18279,4
18280,7
18281,12
18282,12
18283,8
18284,4
18285,1
18287,4
18288,6
18289,3
18292,4
18293,3
18294,1
18295,1
18301,1
18305,1
18331,1
18333,2
18368,1
18370,3
18371,3
18372,1
18373,5
18374,5
18375,4
18378,2
18381,4
18382,3
18383,3
18384,2
18385,1
18387,3
18389,1
18390,1
18413,40
18414,19
18415,27
18416,45
18417,61
18418,2
18419,3
18420,8
18421,10
18422,4
18423,4
18424,8
18425,1
18426,12
18427,38
18428,32
18429,39
18430,24
18431,40
18432,42
18433,9
18434,18
18435,5
18436,3
18437,35
18438,8
18439,19
18441,4
18443,4
18444,1
18470,4
18473,8
18475,19
18480,2
18481,4
18483,1
18484,4
18485,15
18486,27
18487,12
18488,5
18490,1
18493,11
18494,13
18497,3
18498,21
18500,2
18507,1
18508,1
18525,1
18527,1
18530,1
18533,1
18536,2
18577,3
18579,2
18580,1
18581,2
18582,2
18584,12
18585,3
18586,3
18587,1
18588,1
18589,2
18590,3
18592,1
18596,1
18618,20
18619,71
18620,33
18621,16
18622,26
18623,42
18624,10
18625,15
18626,1
18627,5
18629,2
18630,10
18631,6
18632,2
18633,67
18634,48
18635,50
18636,28
18637,28
18638,37
18639,25
18640,18
18641,40
18642,6
18643,1
18648,1
18649,4
18650,16
18651,3
18657,1
18677,5
18678,5
18679,1
18680,1
18685,1
18687,3
18688,1
18689,1
18690,13
18691,13
18692,9
18693,7
18694,3
18699,1
18700,8
18701,6
18703,1
18705,2
18706,4
18707,1
18711,1
18713,1
18717,1
18743,1
18744,1
18781,2
18783,2
18787,1
18788,2
18790,4
18791,6
18792,6
18795,5
18796,1
18823,8
18824,34
18825,74
18826,41
18827,20
18828,18
18829,9
18830,4
18831,1
18832,2
18833,3
18834,12
18835,20
18836,16
18837,9
18838,39
18839,33
18840,21
18841,16
18842,20
18843,12
18844,38
18845,17
18846,8
18847,7
18848,1
18852,2
18853,15
18854,33
18855,31
18856,6
18882,14
18883,4
18885,1
18887,20
18888,1
18889,1
18891,17
18892,3
18895,3
18896,5
18897,10
18898,9
18899,1
18901,1
18903,7
18904,3
18906,20
18907,1
18910,1
18911,5
18915,1
18918,2
18937,1
18945,1
18946,2
18947,1
18979,1
18988,1
18989,1
18990,3
18995,3
18996,1
18997,1
18998,4
18999,2
19003,1
19007,4
19010,1
19011,5
19029,5
19030,36
19031,67
19032,31
19033,24
19034,45
19035,17
19036,34
19037,7
19039,4
19040,3
19041,31
19042,14
19043,16
19044,20
19045,41
19046,39
19047,26
19048,43
19049,22
19050,29
19051,29
19053,1
19061,121
19062,30
19091,2
19093,19
19094,6
19095,9
19096,2
19097,14
19098,2
19099,1
19102,3
19105,1
19109,3
19110,10
19111,18
19113,1
19115,1
19121,1
19122,1
19123,1
19126,1
19148,1
19193,4
19194,4
19195,2
19196,1
19200,3
19201,3
19202,3
19204,1
19205,1
19207,2
19208,1
19209,1
19235,6
19236,34
19237,41
19238,15
19239,18
19240,22
19241,12
19242,20
19243,24
19244,4
19245,10
19246,6
19247,21
19248,41
19249,29
19250,13
19251,19
19252,35
19253,46
19254,33
19255,90
19256,18
19266,5
19267,31
19268,49
19269,5
19296,2
19297,3
19298,13
19299,10
19300,20
19301,2
19302,70
19303,33
19304,29
19309,1
19311,7
19312,6
19315,8
19316,2
19320,1
19328,1
19336,1
19392,3
19393,1
19397,1
19398,1
19399,2
19400,1
19405,1
19406,8
19408,1
19409,1
19411,1
19412,1
19414,1
19416,1
19419,1
19425,1
19427,1
19442,37
19443,14
19444,4
19445,1
19446,11
19447,1
19448,10
19449,4
19450,7
19451,13
19452,14
19453,8
19454,58
19455,51
19456,48
19457,5
19458,40
19459,32
19460,12
19461,24
19462,19
19463,29
19472,23
19473,35
19474,24
19475,56
19476,40
19499,1
19501,1
19502,7
19504,3
19505,82
19506,2
19507,20
19508,4
19509,59
19510,2
19511,15
19512,1
19513,1
19515,3
19517,4
19518,5
19520,2
19522,2
19528,1
19533,2
19534,1
19599,1
19600,2
19601,1
19603,3
19605,1
19607,1
19608,1
19609,1
19610,2
19611,2
19612,1
19615,2
19622,2
19623,3
19624,2
19633,1
19647,6
19648,27
19649,11
19650,63
19651,28
19652,17
19653,1
19654,1
19655,7
19656,28
19657,10
19658,16
19659,59
19660,25
19661,22
19662,79
19663,32
19664,29
19665,22
19666,29
19667,38
19668,25
19669,2
19676,22
19677,26
19678,43
19679,62
19680,10
19681,2
19682,25
19704,1
19709,7
19710,6
19711,23
19712,2
19713,35
19714,54
19715,1
19720,4
19722,1
19723,1
19725,1
19726,2
19727,2
19733,1
19734,2
19805,3
19806,1
19807,1
19812,1
19815,2
19817,2
19818,2
19823,1
19827,3
19829,3
19851,1
19852,1
19853,1
19854,16
19855,10
19856,26
19857,53
19858,11
19859,2
19860,1
19861,8
19862,29
19863,80
19864,26
19865,15
19866,8
19867,17
19868,23
19869,39
19870,9
19871,17
19872,15
19873,50
19874,13
19875,2
19881,2
19882,1
19883,9
19884,37
19885,71
19886,54
19887,31
19888,22
19889,8
19890,16
19912,1
19913,5
19916,12
19917,1
19918,10
19919,29
19920,6
19922,1
19926,3
19927,3
19928,1
19934,6
19935,2
19937,1
19940,3
19941,1
19942,1
20012,1
20016,1
20022,3
20023,1
20030,1
20035,6
20036,3
20039,1
20059,5
20060,5
20061,54
20062,40
20063,15
20064,15
20065,4
20066,8
20067,17
20068,23
20069,12
20070,12
20071,64
20072,43
20073,46
20074,25
20075,48
20076,59
20077,14
20078,45
20079,70
20080,45
20087,1
20088,17
20089,58
20090,10
20091,22
20092,32
20093,30
20094,5
20095,38
20096,37
20114,3
20118,9
20120,2
20121,7
20122,5
20123,4
20124,15
20125,2
20130,2
20131,2
20139,3
20140,2
20141,4
20142,5
20143,4
20229,2
20242,2
20265,1
20266,29
20267,57
20268,13
20269,50
20270,22
20271,8
20272,44
20273,17
20274,10
20275,7
20276,11
20277,25
20278,26
20279,77
20280,37
20281,48
20282,11
20283,36
20284,31
20285,56
20286,13
20293,3
20294,19
20295,24
20296,56
20297,7
20298,22
20299,22
20300,37
20301,53
20302,3
20303,18
20320,1
20321,3
20324,5
20326,2
20327,1
20328,5
20329,3
20330,16
20331,3
20332,5
20333,9
20334,7
20335,2
20336,4
20337,1
20346,2
20348,8
20349,3
20353,1
20364,2
20431,1
20434,2
20439,1
20441,2
20445,1
20450,1
20456,1
20471,7
20472,27
20473,2
20474,21
20475,27
20476,34
20477,2
20478,23
20479,31
20480,8
20481,32
20482,19
20483,93
20484,51
20485,17
20486,27
20487,103
20488,31
20489,58
20490,16
20491,72
20498,15
20499,54
20500,13
20501,4
20502,83
20503,12
20504,8
20506,79
20507,7
20508,11
20509,12
20526,2
20528,4
20529,3
20533,3
20535,4
20537,14
20538,33
20539,5
20540,3
20541,1
20542,8
20546,1
20547,13
20552,3
20553,1
20554,3
20557,2
20558,2
20639,2
20641,1
20646,2
20648,1
20649,1
20650,1
20651,2
20652,2
20656,4
20657,1
20668,1
20678,7
20679,14
20680,18
20681,20
20682,20
20683,1
20684,8
20685,31
20686,52
20687,35
20688,10
20689,66
20690,42
20691,48
20692,11
20693,46
20694,29
20695,37
20696,41
20697,52
20698,17
20703,25
20704,43
20705,12
20706,3
20707,6
20708,5
20709,67
20710,46
20712,57
20713,8
20714,12
20715,26
20716,4
20730,1
20733,2
20734,3
20737,28
20738,32
20739,2
20740,34
20741,6
20742,4
20743,12
20744,30
20745,41
20746,7
20747,12
20748,6
20757,3
20761,1
20766,1
20776,1
20835,2
20836,1
20844,1
20846,1
20851,4
20854,1
20862,1
20875,3
20884,14
20885,14
20886,13
20887,48
20888,12
20889,1
20890,20
20891,31
20892,40
20893,16
20894,15
20895,18
20896,52
20897,1
20898,15
20899,27
20900,18
20901,5
20902,13
20903,45
20907,2
20908,46
20909,21
20910,5
20911,36
20912,24
20913,22
20914,2
20915,10
20916,51
20917,69
20918,19
20919,17
20920,20
20921,27
20922,6
20933,1
20936,2
20939,6
20940,93
20941,10
20942,41
20943,44
20944,66
20945,29
20946,3
20947,52
20948,22
20949,12
20950,1
20952,1
20954,2
20955,6
20966,2
20971,2
20972,1
20976,4
20981,2
20982,1
20989,1
21056,1
21061,2
21065,1
21066,2
21067,1
21072,1
21073,1
21075,2
21083,3
21090,36
21091,33
21092,33
21093,26
21094,26
21095,6
21096,20
21097,41
21098,38
21099,21
21100,42
21101,10
21102,31
21103,41
21104,11
21105,62
21106,29
21107,23
21108,19
21109,53
21110,15
21113,72
21114,3
21115,1
21116,5
21117,34
21118,37
21119,17
21122,2
21123,8
21124,11
21125,28
21126,54
21127,42
21128,56
21129,23
21130,17
21131,3
21132,2
21133,3
21147,1
21148,41
21149,190
21150,82
21151,58
21152,31
21153,82
21154,40
21155,56
21156,1
21159,1
21160,1
21161,12
21162,10
21163,5
21164,2
21175,1
21179,1
21180,1
21188,1
21196,1
21248,2
21256,1
21265,1
21271,1
21272,1
21273,3
21274,1
21277,2
21278,1
21282,7
21288,1
21296,20
21297,4
21298,8
21299,17
21300,1
21301,2
21302,54
21303,55
21304,29
21305,53
21306,47
21307,49
21308,7
21309,40
21310,48
21311,12
21312,31
21313,27
21314,16
21315,26
21317,63
21318,27
21319,1
21320,24
21321,12
21323,2
21324,2
21325,3
21326,2
21327,1
21328,4
21330,1
21331,13
21332,12
21333,11
21334,19
21335,27
21336,16
21337,6
21352,17
21353,17
21354,11
21355,18
21356,17
21357,9
21358,61
21359,43
21360,16
21361,1
21362,3
21363,16
21364,47
21369,4
21370,4
21382,2
21383,1
21411,1
21465,1
21473,1
21475,3
21478,1
21479,3
21480,4
21487,1
21488,2
21489,3
21490,9
21496,1
21503,14
21504,18
21505,13
21506,26
21507,5
21508,43
21509,60
21510,38
21511,43
21512,51
21513,53
21514,34
21515,18
21516,5
21517,35
21518,47
21519,47
21520,76
21521,31
21522,19
21523,19
21524,12
21525,11
21526,24
21527,5
21530,17
21531,16
21532,2
21533,3
21534,29
21535,7
21536,3
21537,2
21538,7
21539,8
21540,12
21541,42
21542,3
21543,12
21544,8
21557,7
21558,18
21560,2
21561,4
21562,4
21563,4
21564,72
21565,156
21566,68
21567,11
21569,5
21570,9
21571,3
21573,4
21574,1
21575,7
21576,15
21577,5
21580,9
21589,1
21677,1
21678,1
21680,3
21681,3
21683,1
21684,2
21685,1
21686,2
21690,3
21692,1
21693,3
21696,4
21697,5
21698,1
21701,10
21703,2
21707,1
21708,1
21709,11
21710,17
21711,41
21712,1
21713,3
21714,36
21715,18
21716,41
21717,51
21718,50
21719,76
21720,44
21721,29
21722,36
21723,34
21724,23
21725,28
21726,29
21727,79
21728,17
21729,57
21730,26
21731,49
21732,1
21736,26
21737,1
21738,5
21739,1
21743,1
21744,8
21746,8
21747,1
21748,1
21749,10
21750,5
21751,2
21752,1
21756,2
21763,7
21764,5
21766,2
21767,12
21768,12
21769,55
21770,82
21771,56
21772,1
21773,38
21774,2
21775,39
21776,14
21777,12
21778,7
21779,2
21780,15
21781,3
21782,45
21783,3
21793,3
21794,1
21795,3
21887,9
21888,4
21890,2
21891,2
21892,1
21894,1
21897,1
21900,5
21901,2
21902,3
21903,11
21904,6
21905,1
21907,2
21909,1
21910,8
21916,28
21917,10
21918,99
21919,3
21920,1
21921,4
21922,13
21923,63
21924,15
21925,56
21926,90
21927,16
21928,12
21929,5
21930,5
21931,4
21932,10
21933,71
21934,137
21935,37
21936,37
21937,35
21938,37
21939,8
21940,2
21942,49
21943,57
21944,1
21945,18
21946,3
21947,7
21951,6
21953,5
21957,1
21961,1
21962,6
21963,9
21964,8
21965,9
21966,1
21969,4
21970,3
21971,3
21973,3
21974,8
21975,27
21976,60
21977,1
21979,1
21980,19
21981,2
21982,6
21983,4
21984,25
21986,11
21987,19
21988,12
21999,2
22000,26
22001,5
22004,2
22006,2
22007,1
22097,1
22099,4
22102,1
22106,9
22107,3
22108,6
22109,6
22111,1
22113,4
22114,6
22115,5
22116,2
22121,10
22122,16
22123,35
22124,19
22125,14
22126,9
22127,50
22128,36
22129,21
22130,5
22131,15
22132,19
22133,7
22134,10
22135,4
22136,28
22137,7
22138,21
22139,187
22140,26
22141,35
22142,1
22143,32
22144,82
22145,100
22146,41
22147,8
22148,55
22149,5
22150,17
22151,55
22152,27
22153,4
22154,2
22156,5
22157,18
22158,17
22162,1
22167,4
22168,10
22169,11
22170,2
22171,30
22172,1
22173,1
22175,6
22176,4
22179,6
22181,5
22183,6
22184,1
22185,20
22186,10
22187,26
22188,48
22189,58
22191,11
22192,29
22193,22
22194,6
22195,2
22196,2
22202,2
22205,1
22206,4
22207,3
22208,2
22212,1
22304,1
22305,4
22307,2
22308,3
22312,5
22315,5
22316,2
22317,7
22318,4
22319,1
22320,2
22321,7
22328,2
22330,11
22332,1
22333,16
22334,39
22335,12
22336,68
22337,60
22338,31
22339,1
22340,9
22341,9
22342,25
22343,5
22344,9
22345,30
22346,8
22347,42
22348,24
22349,18
22350,80
22351,75
22352,71
22353,20
22354,29
22355,60
22356,50
22357,95
22358,24
22359,6
22360,5
22361,2
22362,23
22363,18
22364,5
22365,2
22374,9
22375,3
22376,1
22377,1
22381,5
22382,12
22383,5
22386,7
22387,3
22388,5
22389,8
22390,2
22391,13
22392,23
22393,34
22394,43
22395,16
22396,33
22397,11
22398,6
22399,3
22400,2
22401,10
22402,3
22403,5
22405,3
22406,5
22409,1
22410,2
22411,4
22412,4
22420,2
22421,2
22510,2
22511,1
22512,1
22513,3
22514,3
22521,7
22522,9
22524,1
22525,5
22526,7
22527,3
22528,2
22535,5
22536,1
22537,20
22538,48
22539,13
22540,21
22541,36
22542,72
22543,28
22544,38
22545,40
22546,16
22547,10
22548,28
22549,56
22550,23
22551,3
22553,2
22554,34
22555,54
22556,75
22557,48
22558,65
22559,58
22560,48
22561,32
22562,8
22563,15
22564,38
22565,45
22566,15
22567,46
22568,25
22569,18
22570,38
22571,22
22572,1
22573,1
22579,7
22588,15
22590,2
22591,6
22593,11
22594,7
22595,7
22597,22
22598,21
22599,39
22600,8
22601,23
22602,41
22603,11
22604,1
22605,3
22606,32
22607,1
22609,4
22611,5
22623,3
22626,1
22635,2
22718,6
22719,3
22720,11
22721,4
22725,2
22730,7
22731,13
22732,1
22733,3
22734,1
22735,7
22736,1
22742,8
22743,25
22744,40
22745,17
22746,20
22747,70
22748,10
22749,8
22750,20
22751,19
22752,5
22753,7
22754,1
22755,25
22756,9
22757,15
22758,3
22759,1
22760,7
22761,3
22762,3
22763,49
22764,34
22765,29
22766,55
22767,120
22768,84
22769,19
22770,21
22771,46
22772,11
22773,17
22774,57
22775,36
22776,20
22777,17
22778,31
22779,12
22780,1
22784,1
22785,13
22786,6
22798,3
22799,1
22800,7
22801,24
22802,18
22803,3
22804,36
22805,1
22806,11
22807,2
22808,2
22809,10
22810,8
22811,4
22812,3
22813,1
22814,5
22816,2
22817,4
22818,2
22820,7
22830,2
22834,1
22837,1
22922,1
22923,11
22924,17
22925,29
22926,14
22927,5
22928,1
22929,21
22930,1
22932,1
22933,6
22934,5
22935,5
22936,8
22937,6
22938,6
22939,13
22940,3
22941,6
22942,1
22948,9
22949,15
22951,6
22952,42
22953,44
22954,35
22955,67
22956,24
22957,11
22958,116
22959,16
22960,2
22961,8
22962,20
22963,1
22964,5
22965,23
22966,10
22967,9
22968,64
22969,33
22971,66
22972,157
22973,69
22974,41
22975,33
22976,38
22977,60
22978,15
22979,38
22980,42
22981,33
22982,21
22983,30
22984,42
22985,29
22986,5
22992,2
22993,3
22997,2
22998,5
23000,1
23001,2
23004,13
23009,2
23010,7
23011,13
23012,6
23013,6
23014,24
23015,30
23016,2
23017,10
23019,5
23020,7
23021,4
23022,3
23023,6
23024,18
23025,23
23026,18
23029,1
23030,1
23047,1
23089,1
23127,1
23128,7
23129,37
23130,22
23131,9
23132,15
23133,1
23135,28
23136,8
23137,9
23138,8
23139,19
23140,17
23141,7
23142,7
23143,8
23144,5
23145,15
23146,8
23147,8
23148,1
23155,4
23156,3
23157,3
23158,34
23159,29
23160,39
23161,66
23162,59
23163,17
23164,6
23165,33
23166,3
23167,18
23168,25
23169,12
23172,4
23174,7
23175,2
23176,21
23177,9
23178,14
23179,53
23180,30
23181,5
23182,10
23183,5
23184,2
23185,3
23186,32
23187,12
23188,35
23189,10
23190,15
23191,23
23192,4
23193,27
23194,8
23195,5
23196,4
23197,16
23198,1
23200,4
23201,4
23205,1
23206,2
23207,16
23208,12
23209,5
23210,3
23216,1
23218,10
23219,39
23220,19
23221,3
23222,21
23223,13
23224,2
23225,1
23226,1
23227,3
23228,18
23229,1
23230,4
23231,8
23232,35
23233,3
23235,1
23249,1
23250,1
23251,2
23252,1
23293,1
23296,1
23332,1
23333,2
23334,17
23335,8
23336,19
23337,3
23338,6
23339,3
23340,19
23341,1
23342,3
23343,4
23344,11
23345,22
23346,24
23347,6
23348,12
23349,2
23350,10
23351,11
23352,12
23353,2
23354,1
23362,3
23363,27
23364,72
23365,64
23366,85
23367,107
23368,40
23369,7
23370,7
23371,21
23372,17
23373,25
23374,14
23375,39
23380,6
23381,5
23382,1
23384,7
23385,38
23386,27
23387,18
23388,46
23389,1
23390,1
23391,4
23392,7
23393,8
23394,6
23395,1
23397,7
23398,22
23399,33
23400,8
23401,6
23402,10
23403,40
23404,5
23406,1
23407,3
23409,3
23410,1
23412,2
23413,5
23414,2
23415,2
23416,1
23417,2
23423,8
23424,41
23425,6
23426,9
23427,7
23428,2
23429,2
23430,1
23431,3
23432,2
23435,2
23436,5
23437,1
23438,2
23440,11
23441,1
23454,1
23462,2
23499,1
23541,5
23542,11
23543,22
23544,1
23545,2
23546,8
23547,9
23548,1
23549,9
23550,8
23551,9
23552,5
23553,6
23554,1
23555,1
23556,4
23557,1
23558,8
23559,3
23560,2
23562,2
23566,1
23568,1
23569,13
23570,19
23571,66
23572,68
23573,121
23574,98
23575,69
23576,9
23577,5
23578,6
23579,32
23580,17
23581,31
23582,50
23583,1
23585,1
23586,3
23587,39
23588,5
23590,1
23591,3
23592,48
23593,3
23594,9
23595,6
23596,1
23597,8
23598,5
23599,3
23600,23
23601,3
23602,4
23604,2
23605,9
23606,6
23607,9
23608,9
23609,4
23610,17
23611,21
23612,20
23613,2
23615,4
23616,1
23620,1
23624,5
23630,3
23631,4
23633,22
23634,11
23635,8
23636,3
23637,4
23638,1
23639,4
23643,1
23646,5
23647,4
23648,3
23649,1
23667,3
23668,7
23747,4
23748,3
23749,1
23750,1
23751,11
23752,22
23753,10
23754,8
23755,10
23756,9
23757,4
23758,9
23759,1
23760,3
23761,11
23762,2
23763,13
23764,11
23765,3
23766,8
23767,2
23775,1
23776,7
23777,1
23778,77
23779,120
23780,79
23781,9
23782,5
23783,27
23784,32
23785,40
23786,46
23787,43
23788,23
23789,5
23790,2
23791,12
23792,2
23793,13
23797,42
23798,47
23799,7
23800,3
23801,5
23802,16
23803,10
23804,1
23805,4
23806,22
23807,5
23808,1
23810,11
23811,11
23812,8
23813,3
23814,16
23815,26
23816,27
23817,19
23818,4
23819,2
23820,3
23821,4
23822,1
23825,2
23829,7
23830,2
23831,1
23832,3
23835,1
23836,1
23837,1
23839,19
23840,2
23841,5
23842,5
23843,12
23850,3
23852,2
23853,19
23854,5
23855,6
23870,2
23915,1
23953,1
23954,1
23955,3
23956,1
23957,4
23958,9
23959,6
23960,4
23961,13
23962,9
23963,13
23964,9
23965,16
23966,1
23967,6
23968,2
23969,14
23970,10
23971,8
23972,17
23973,18
23974,6
23982,1
23985,20
23986,11
23987,7
23988,25
23989,17
23990,2
23991,4
23992,2
23993,11
23994,40
23995,32
23996,21
23997,12
23998,18
23999,26
24000,11
24002,1
24003,15
24004,11
24005,99
24006,2
24007,23
24008,1
24009,24
24011,8
24012,33
24014,6
24016,2
24017,3
24018,1
24019,3
24020,17
24021,58
24022,23
24023,20
24026,1
24027,10
24028,2
24029,4
24033,1
24034,1
24035,5
24036,2
24037,3
24039,4
24040,3
24042,4
24043,7
24045,3
24046,4
24047,8
24048,7
24049,11
24050,11
24053,1
24058,12
24059,8
24060,10
24061,4
24063,1
24157,6
24158,1
24159,4
24160,3
24161,3
24162,2
24163,4
24164,5
24165,1
24166,4
24167,11
24168,16
24169,3
24170,3
24173,15
24174,15
24175,11
24176,16
24177,22
24178,23
24179,11
24180,4
24181,1
24192,1
24193,102
24194,19
24198,1
24199,4
24200,8
24201,3
24203,2
24204,2
24205,3
24206,10
24207,7
24208,23
24209,5
24210,4
24211,87
24212,5
24213,14
24214,15
24215,6
24216,38
24217,22
24218,23
24219,7
24220,5
24221,2
24222,3
24224,1
24225,33
24226,45
24227,17
24228,19
24229,10
24230,5
24231,8
24232,3
24233,10
24234,4
24235,1
24236,5
24237,2
24238,3
24241,2
24244,2
24245,2
24246,5
24248,21
24249,9
24250,2
24253,9
24255,2
24263,21
24264,6
24265,9
24266,1
24267,5
24268,1
24269,1
24292,2
24357,1
24358,1
24360,2
24364,1
24365,4
24366,1
24367,2
24369,1
24373,18
24374,6
24375,8
24376,3
24380,9
24381,7
24382,13
24383,11
24384,5
24385,4
24386,6
24387,2
24399,4
24400,3
24401,2
24407,1
24408,1
24410,1
24411,3
24412,1
24413,4
24414,8
24415,17
24416,15
24417,11
24418,46
24419,17
24420,10
24421,5
24422,11
24423,8
24424,31
24425,7
24426,3
24428,3
24429,12
24430,3
24431,41
24432,59
24433,11
24434,3
24435,2
24436,9
24437,10
24438,9
24439,13
24440,8
24441,11
24442,14
24443,3
24444,2
24445,5
24446,9
24447,2
24450,1
24451,2
24452,15
24453,7
24454,3
24455,1
24456,3
24457,30
24458,51
24459,4
24460,5
24461,8
24462,22
24463,2
24468,3
24469,14
24470,7
24471,6
24472,4
24473,6
24474,1
24475,2
24477,1
24478,1
24481,3
24482,2
24488,1
24569,1
24572,2
24573,1
24574,6
24575,8
24576,4
24577,6
24578,2
24579,8
24580,3
24581,1
24582,2
24583,1
24585,1
24586,4
24587,7
24588,7
24591,1
24592,1
24593,1
24594,3
24606,4
24607,10
24608,3
24615,1
24616,2
24617,5
24618,1
24619,1
24620,18
24621,15
24622,19
24623,6
24624,14
24625,1
24627,1
24628,28
24629,8
24630,16
24631,108
24632,13
24633,14
24634,33
24635,4
24636,4
24637,14
24638,29
24639,7
24640,1
24641,2
24642,26
24643,34
24644,10
24645,18
24646,16
24647,14
24648,8
24649,20
24650,7
24651,5
24652,17
24654,3
24657,3
24658,5
24660,1
24663,11
24664,37
24665,6
24666,4
24667,89
24668,5
24670,2
24673,2
24674,7
24675,7
24676,1
24677,6
24678,1
24679,10
24680,1
24683,15
24684,4
24687,11
24688,1
24700,3
24780,2
24782,14
24784,5
24788,1
24789,1
24790,4
24792,5
24793,2
24794,8
24795,6
24796,9
24797,3
24798,11
24799,12
24800,30
24801,5
24814,18
24815,17
24816,4
24821,2
24823,1
24824,7
24828,19
24829,44
24830,29
24832,8
24833,18
24834,14
24835,45
24836,10
24838,31
24839,27
24840,6
24844,3
24845,5
24846,1
24847,1
24849,4
24850,12
24851,5
24852,2
24853,5
24854,14
24855,15
24856,6
24857,1
24858,2
24859,3
24860,2
24861,7
24862,3
24864,1
24865,3
24869,5
24870,11
24871,34
24872,3
24873,17
24874,52
24881,5
24885,3
24886,2
24887,2
24888,1
24890,7
24891,1
24892,1
24893,2
24896,4
24940,1
24983,1
24985,5
24986,1
24987,2
24988,4
24989,1
24990,11
24992,1
24993,4
24994,2
24996,5
24997,6
24998,4
24999,3
25000,21
25001,19
25003,12
25004,27
25005,30
25006,34
25007,9
25020,1
25021,3
25022,3
25023,3
25026,1
25029,1
25034,5
25035,48
25036,32
25037,8
25038,21
25039,13
25040,7
25041,10
25042,2
25043,6
25044,47
25045,79
25047,2
25048,1
25049,1
25050,3
25053,1
25055,31
25056,35
25057,10
25058,14
25059,9
25060,6
25061,5
25062,11
25063,10
25064,6
25069,2
25071,1
25072,5
25073,2
25074,6
25075,6
25076,38
25078,2
25079,2
25080,5
25086,4
25088,3
25095,2
25098,11
25099,1
25104,2
25105,1
25106,4
25107,1
25108,4
25109,4
25110,9
25111,1
25112,1
25114,1
25118,1
25191,8
25192,5
25194,1
25195,5
25198,1
25199,1
25203,4
25204,11
25205,3
25206,34
25207,35
25208,11
25209,3
25210,9
25211,12
25212,15
25213,28
25214,14
25229,4
25230,5
25238,6
25239,4
25241,18
25242,33
25243,21
25244,2
25245,12
25246,3
25247,7
25248,4
25249,12
25250,20
25251,48
25252,14
25253,3
25254,7
25256,3
25261,3
25262,1
25263,18
25264,11
25265,8
25266,16
25267,5
25268,3
25269,5
25270,2
25271,1
25273,1
25274,1
25276,2
25277,2
25278,1
25279,3
25280,7
25281,12
25282,24
25283,1
25284,43
25285,17
25286,15
25289,1
25292,24
25293,24
25294,2
25299,1
25303,4
25304,5
25305,3
25307,1
25308,1
25309,1
25310,1
25312,2
25314,3
25315,2
25316,4
25317,3
25321,2
25322,1
25324,2
25327,2
25396,2
25397,2
25399,3
25400,4
25401,1
25402,10
25403,3
25404,6
25405,1
25406,2
25407,6
25408,3
25409,11
25410,2
25411,8
25412,28
25413,24
25414,19
25415,7
25416,10
25417,9
25418,10
25419,29
25420,19
25421,2
25436,9
25443,3
25444,25
25445,16
25446,13
25447,19
25448,16
25449,34
25450,30
25451,22
25452,3
25453,1
25454,6
25455,11
25456,5
25457,21
25458,3
25459,3
25460,4
25462,1
25466,4
25467,6
25468,11
25469,19
25470,1
25471,5
25472,2
25473,11
25474,2
25475,16
25476,4
25477,3
25479,1
25481,1
25488,1
25490,2
25491,25
25492,5
25493,1
25494,3
25495,1
25496,2
25497,2
25498,36
25499,6
25501,3
25502,3
25503,1
25506,2
25507,11
25508,5
25511,1
25513,4
25515,7
25518,1
25519,13
25520,1
25521,15
25522,3
25523,2
25525,3
25527,3
25528,1
25529,2
25530,1
25532,1
25534,1
25561,1
25579,1
25608,3
25609,2
25613,2
25614,10
25615,29
25616,20
25617,5
25618,27
25619,24
25620,24
25621,5
25622,22
25623,31
25624,5
25625,5
25626,29
25627,40
25643,2
25644,1
25650,2
25653,49
25654,22
25655,14
25656,17
25657,56
25658,4
25659,1
25660,1
25661,2
25662,4
25663,4
25664,36
25665,8
25666,13
25667,4
25669,1
25673,4
25676,3
25677,13
25678,1
25679,5
25680,11
25681,3
25682,15
25683,8
25684,1
25686,1
25687,1
25688,2
25689,6
25695,1
25696,1
25697,31
25698,31
25699,14
25703,1
25704,4
25705,7
25709,1
25710,2
25711,3
25713,1
25714,12
25725,1
25726,1
25728,1
25729,1
25735,1
25736,1
25737,2
25738,3
25739,1
25785,1
25815,1
25816,16
25817,4
25818,6
25819,2
25820,21
25821,8
25822,8
25823,14
25824,19
25825,30
25826,12
25827,15
25828,48
25829,42
25830,21
25831,21
25832,36
25833,43
25834,14
25850,3
25856,1
25858,5
25859,24
25860,17
25861,30
25862,37
25863,10
25864,5
25865,26
25866,6
25867,7
25868,14
25869,35
25871,42
25874,2
25875,1
25878,5
25882,6
25883,18
25884,11
25885,6
25886,2
25887,1
25888,17
25889,5
25890,4
25892,1
25895,5
25903,25
25904,1
25907,2
25909,3
25910,7
25913,2
25919,4
25920,12
25921,1
25927,1
25929,3
25934,2
25938,1
25941,3
25943,1
26016,1
26019,3
26020,8
26021,3
26022,6
26023,3
26024,20
26025,9
26027,1
26028,7
26029,13
26030,38
26031,9
26032,10
26033,9
26034,21
26035,39
26036,50
26037,41
26038,22
26039,23
26040,85
26041,19
26057,1
26064,2
26065,19
26066,38
26067,20
26068,12
26069,19
26071,1
26073,4
26074,2
26075,29
26076,6
26077,36
26078,1
26079,1
26081,14
26082,10
26084,1
26085,2
26086,1
26087,1
26088,6
26089,9
26090,12
26091,12
26092,9
26093,5
26094,3
26095,3
26096,1
26097,4
26099,2
26113,3
26114,1
26115,84
26117,1
26118,1
26120,2
26125,10
26126,11
26127,21
26128,5
26129,1
26130,1
26135,1
26136,4
26146,1
26206,1
26225,1
26227,5
26228,1
26229,11
26230,8
26232,2
26233,13
26234,2
26235,17
26236,6
26237,3
26238,4
26239,8
26240,10
26241,14
26242,48
26243,77
26244,35
26245,5
26246,35
26247,17
26264,2
26269,17
26270,28
26271,9
26272,7
26273,18
26274,2
26275,4
26276,3
26279,1
26280,10
26281,6
26283,17
26284,2
26286,3
26288,4
26289,2
26290,4
26292,1
26294,5
26295,4
26296,1
26297,9
26298,6
26299,4
26300,6
26302,1
26304,1
26307,7
26313,3
26318,4
26319,18
26321,67
26331,2
26332,1
26333,7
26334,18
26335,9
26336,1
26339,1
26343,1
26431,2
26432,7
26433,8
26435,7
26436,10
26437,20
26438,11
26439,7
26440,5
26442,11
26443,6
26445,6
26446,47
26447,41
26448,13
26449,21
26450,6
26451,9
26452,15
26453,20
26454,17
26471,1
26472,1
26476,14
26477,21
26478,17
26479,22
26480,5
26481,16
26482,3
26483,1
26484,3
26486,1
26488,4
26489,4
26490,3
26491,5
26493,4
26497,1
26499,1
26500,4
26501,4
26504,1
26505,1
26506,1
26509,4
26510,2
26511,1
26512,1
26514,2
26519,4
26520,1
26525,1
26526,15
26527,10
26528,1
26534,1
26542,1
26543,1
26544,6
26545,5
26548,1
26550,1
26553,1
26560,1
26561,1
26620,1
26632,1
26633,6
26638,3
26639,4
26640,11
26641,20
26642,29
26643,29
26644,14
26645,4
26646,4
26647,28
26648,18
26649,34
26650,2
26651,51
26652,54
26653,43
26654,1
26655,9
26656,51
26657,15
26658,11
26659,23
26660,26
26679,4
26681,4
26683,6
26684,16
26685,9
26686,8
26687,16
26688,4
26689,7
26695,1
26696,1
26698,1
26699,2
26700,1
26701,6
26702,2
26703,1
26706,3
26707,2
26708,1
26710,6
26716,1
26717,1
26724,1
26726,1
26732,9
26733,2
26740,4
26741,1
26748,3
26749,19
26754,3
26755,1
26756,1
26761,1
26816,1
26819,1
26843,3
26845,13
26846,5
26847,14
26848,22
26849,6
26850,10
26851,2
26852,7
26853,4
26854,27
26855,19
26856,6
26857,51
26858,13
26859,41
26860,24
26861,2
26862,28
26863,8
26864,13
26865,23
26866,24
26867,14
26868,2
26885,1
26886,3
26890,11
26891,3
26892,1
26893,3
26894,6
26895,12
26897,2
26898,13
26899,1
26902,4
26904,9
26905,10
26907,1
26908,3
26909,1
26910,1
26912,2
26913,1
26914,3
26923,4
26926,1
26928,8
26929,2
26931,1
26939,4
26941,5
26942,5
26947,1
26950,1
26954,1
26955,6
26956,16
26957,13
26958,10
26959,10
26960,8
26961,2
26962,1
26963,12
26966,1
26967,3
26968,1
26999,1
27014,1
27050,20
27051,4
27052,24
27053,29
27054,11
27055,7
27056,17
27057,24
27059,11
27060,39
27061,44
27062,40
27063,32
27064,80
27065,74
27066,1
27067,2
27069,15
27070,40
27071,62
27072,30
27073,34
27074,2
27092,3
27093,1
27096,2
27099,1
27100,7
27102,5
27103,23
27104,8
27105,5
27107,2
27108,1
27109,11
27110,2
27111,1
27112,2
27113,2
27114,1
27116,2
27118,2
27124,4
27129,1
27133,2
27134,4
27135,2
27136,1
27137,7
27138,1
27144,4
27147,1
27160,2
27161,21
27162,19
27163,20
27164,12
27165,16
27166,7
27167,6
27168,25
27169,2
27257,1
27258,4
27259,22
27260,16
27261,20
27262,32
27263,6
27264,1
27266,11
27267,47
27268,57
27269,42
27270,42
27271,43
27272,45
27275,1
27276,18
27277,31
27278,21
27279,42
27280,31
27300,7
27302,19
27304,1
27305,1
27306,18
27308,3
27309,5
27310,10
27311,15
27316,4
27317,2
27319,1
27322,7
27324,1
27325,4
27335,2
27337,8
27340,3
27341,1
27342,1
27343,7
27344,3
27345,6
27347,2
27348,6
27351,6
27358,1
27360,1
27364,1
27365,1
27368,14
27369,5
27370,24
27371,22
27372,17
27373,6
27374,19
27375,9
27379,3
27381,5
27382,1
27384,1
27386,1
27445,1
27462,4
27463,1
27464,6
27465,58
27466,16
27467,11
27468,12
27469,12
27470,2
27472,36
27473,47
27474,26
27475,9
27476,25
27477,68
27478,18
27481,4
27482,74
27483,21
27484,18
27485,4
27486,1
27506,53
27507,11
27508,20
27509,17
27510,9
27511,20
27512,20
27513,29
27517,1
27518,2
27520,18
27521,6
27522,4
27523,2
27524,2
27525,11
27526,6
27527,9
27528,18
27529,2
27530,2
27532,11
27533,4
27534,1
27536,8
27542,2
27543,3
27545,4
27546,1
27547,1
27548,3
27549,5
27550,1
27553,2
27555,2
27556,2
27557,1
27558,1
27568,3
27571,1
27572,1
27576,8
27577,12
27578,13
27579,19
27580,3
27581,1
27585,1
27586,2
27588,1
27590,2
27592,1
27593,1
27645,1
27646,1
27650,1
27651,1
27667,8
27668,2
27670,2
27671,19
27672,37
27673,11
27674,17
27675,5
27676,9
27678,3
27679,50
27680,43
27681,7
27682,26
27683,20
27684,15
27685,1
27686,1
27688,4
27689,60
27690,66
27691,18
27692,1
27693,2
27715,2
27716,2
27717,4
27718,12
27719,30
27720,12
27724,6
27725,2
27726,3
27727,2
27728,2
27729,7
27730,5
27732,8
27733,5
27734,1
27735,3
27736,1
27738,4
27740,2
27742,1
27743,3
27748,1
27749,4
27753,1
27754,8
27755,6
27756,14
27757,1
27758,1
27759,11
27760,7
27761,3
27762,5
27763,3
27765,6
27766,2
27779,1
27780,2
27781,1
27783,2
27784,1
27785,7
27787,1
27788,1
27789,1
27790,1
27791,4
27792,1
27849,2
27873,1
27874,2
27876,1
27877,1
27880,4
27881,1
27883,1
27884,23
27885,29
27886,16
27887,31
27888,34
27889,34
27890,31
27892,2
27893,1
27894,15
27895,2
27896,4
27898,1
27922,3
27924,2
27925,9
27926,12
27927,7
27928,1
27929,3
27930,10
27934,8
27935,13
27936,2
27940,2
27941,1
27943,2
27944,1
27949,2
27952,1
27953,2
27955,4
27957,1
27959,2
27960,6
27961,13
27962,4
27963,3
27966,4
27967,1
27968,1
27969,1
27970,1
27971,7
27988,4
27989,26
27990,9
27991,1
27992,2
27994,7
27995,1
28000,1
28003,3
28005,1
28054,2
28075,1
28076,1
28079,5
28080,5
28081,3
28083,1
28084,16
28086,2
28087,2
28088,11
28090,1
28091,6
28092,97
28093,36
28094,25
28095,54
28096,42
28097,5
28098,2
28099,24
28100,1
28102,4
28103,2
28134,3
28135,5
28136,1
28137,4
28139,4
28140,1
28141,1
28142,2
28143,6
28145,3
28149,2
28151,2
28153,2
28154,1
28162,2
28165,5
28168,6
28169,9
28170,6
28175,4
28176,3
28177,5
28189,2
28196,4
28197,2
28198,1
28206,1
28207,2
28272,1
28273,2
28274,1
28282,22
28285,8
28286,4
28289,6
28290,7
28291,2
28292,16
28293,17
28294,20
28295,11
28296,2
28297,5
28298,54
28299,23
28300,31
28301,45
28302,29
28303,1
28304,16
28305,17
28306,8
28307,14
28308,8
28310,1
28311,1
28349,11
28350,6
28352,4
28353,5
28355,2
28356,1
28357,2
28360,3
28363,1
28364,1
28365,1
28368,9
28372,1
28373,11
28374,15
28375,23
28376,3
28380,2
28381,8
28382,1
28383,2
28394,9
28402,4
28403,4
28413,1
28417,2
28487,1
28488,9
28489,4
28491,4
28492,12
28493,2
28495,3
28496,12
28497,13
28498,10
28499,19
28500,22
28501,14
28503,2
28504,129
28505,62
28506,7
28507,80
28508,41
28509,10
28510,15
28511,6
28513,1
28517,1
28547,1
28550,1
28551,7
28555,6
28556,1
28560,2
28563,6
28565,1
28567,2
28569,2
28570,1
28575,8
28579,1
28580,2
28581,25
28582,24
28583,5
28585,4
28586,9
28587,9
28588,8
28589,6
28601,5
28615,3
28622,2
28623,1
28671,1
28681,2
28682,1
28684,1
28687,1
28691,2
28692,2
28695,1
28697,4
28698,2
28699,2
28700,53
28701,6
28702,16
28703,30
28704,26
28705,29
28706,11
28709,3
28710,32
28711,24
28712,6
28713,2
28714,1
28715,1
28717,1
28736,1
28749,3
28753,1
28754,1
28755,1
28757,1
28761,3
28764,1
28767,2
28770,1
28780,9
28781,2
28786,8
28787,7
28788,2
28789,2
28792,19
28793,16
28795,6
28805,1
28806,1
28814,1
28818,1
28822,1
28823,4
28824,1
28826,1
28827,5
28828,2
28829,2
28883,1
28884,3
28885,3
28886,2
28888,8
28889,5
28890,6
28891,3
28892,1
28901,5
28903,1
28904,3
28905,1
28906,3
28907,4
28908,3
28909,6
28910,40
28911,22
28912,12
28913,4
28914,3
28915,15
28916,5
28917,1
28942,1
28963,1
28965,3
28966,2
28968,7
28973,5
28974,1
28983,1
28987,2
28993,3
28994,1
28995,5
28996,1
28998,1
28999,1
29000,1
29001,1
29002,1
29003,1
29012,1
29027,1
29028,1
29090,5
29091,6
29092,5
29093,4
29094,3
29095,1
29097,1
29100,5
29101,3
29102,3
29103,6
29104,32
29106,2
29107,2
29108,1
29109,2
29110,1
29111,1
29112,2
29113,6
29114,5
29115,25
29116,7
29117,4
29118,9
29119,1
29120,10
29121,14
29122,1
29123,1
29127,1
29157,3
29169,3
29170,2
29172,6
29173,5
29174,4
29175,3
29178,1
29182,1
29198,8
29199,19
29200,1
29201,2
29202,5
29203,4
29205,4
29207,4
29208,2
29230,2
29243,1
29297,1
29298,1
29299,7
29300,4
29301,1
29302,2
29306,1
29307,4
29309,1
29310,3
29311,3
29313,1
29314,9
29315,4
29317,2
29319,1
29321,4
29323,1
29324,10
29325,34
29326,4
29327,8
29330,1
29333,2
29334,2
29340,1
29341,1
29351,2
29352,1
29356,1
29363,1
29366,2
29377,3
29378,3
29379,2
29380,13
29381,40
29382,88
29383,7
29389,2
29390,5
29404,2
29405,2
29406,2
29408,5
29409,1
29410,6
29411,7
29412,2
29413,2
29414,2
29415,3
29428,4
29429,1
29431,1
29434,1
29435,3
29436,1
29496,1
29501,1
29503,2
29506,7
29507,2
29513,5
29515,1
29516,2
29520,2
29521,2
29525,10
29526,4
29527,1
29528,5
29529,13
29530,17
29531,12
29532,9
29533,4
29534,1
29539,1
29542,1
29558,1
29561,4
29566,1
29571,1
29575,2
29583,5
29586,6
29587,26
29588,28
29589,3
29590,13
29591,19
29592,3
29593,18
29594,26
29595,8
29596,8
29612,2
29614,4
29615,1
29616,3
29617,3
29620,4
29621,2
29622,5
29626,1
29630,1
29636,1
29638,1
29639,2
29641,1
29646,4
29701,5
29703,1
29712,3
29713,4
29714,1
29716,2
29718,4
29721,1
29728,1
29729,1
29730,2
29731,1
29732,8
29733,4
29734,6
29735,11
29736,5
29737,7
29746,3
29773,1
29775,2
29779,1
29785,1
29791,1
29794,6
29795,4
29796,3
29797,13
29798,2
29799,17
29800,2
29801,11
29802,11
29819,1
29820,4
29821,6
29822,6
29823,4
29830,1
29841,1
29843,2
29847,5
29848,8
29852,1
29887,1
29907,1
29910,1
29917,3
29918,4
29920,3
29924,8
29927,3
29931,1
29935,1
29937,1
29938,1
29939,3
29940,7
29941,6
29942,14
29943,1
29947,2
29951,4
29952,1
29957,1
29958,1
29978,1
29984,1
29990,1
29999,1
30000,1
30001,1
30002,3
30003,6
30004,5
30007,9
30008,3
30022,1
30027,1
30064,1
30092,1
30130,2
30131,1
30133,1
30137,1
30140,8
30141,10
30145,24
30146,4
30147,6
30148,4
30149,6
30153,1
30154,4
30156,2
30158,1
30164,1
30178,1
30179,1
30183,4
30186,5
30187,3
30190,1
30194,2
30205,1
30206,1
30210,12
30211,5
30212,6
30213,1
30214,4
30247,1
30259,2
30261,1
30265,1
30275,1
30311,1
30312,1
30334,1
30336,9
30337,1
30340,7
30341,9
30342,6
30343,2
30344,2
30345,8
30346,15
30347,12
30348,5
30349,6
30350,7
30351,2
30352,17
30353,10
30360,4
30362,1
30370,2
30371,2
30381,1
30384,2
30385,1
30387,1
30389,1
30390,1
30391,3
30393,4
30394,1
30412,2
30413,4
30415,6
30418,2
30420,1
30431,1
30481,1
30483,1
30506,1
30526,1
30528,3
30529,1
30540,4
30541,6
30542,7
30543,2
30547,19
30548,16
30549,1
30550,1
30551,2
30552,31
30553,8
30554,13
30555,11
30556,2
30557,1
30558,2
30560,5
30566,6
30567,1
30570,3
30571,1
30572,1
30595,1
30596,1
30599,1
30622,2
30623,1
30687,1
30688,1
30718,1
30719,1
30730,1
30732,2
30734,3
30736,1
30744,1
30745,1
30746,1
30748,1
30749,1
30753,22
30754,15
30755,2
30756,1
30757,2
30758,54
30759,11
30760,10
30761,7
30762,2
30763,4
30764,2
30766,4
30768,1
30771,1
30772,4
30783,1
30789,1
30794,1
30796,2
30797,5
30802,2
30813,1
30888,1
30935,2
30936,2
30939,1
30941,2
30942,1
30949,1
30955,4
30957,3
30958,2
30960,2
30961,1
30964,45
30965,23
30967,3
30968,2
30970,5
30971,2
30972,1
30973,1
30978,2
30979,1
30980,1
30981,1
30982,11
30985,3
30989,2
31001,2
31003,2
31006,1
31012,1
31014,1
31016,1
31023,1
31024,2
31130,1
31140,1
31161,3
31162,3
31167,1
31168,3
31169,4
31170,2
31171,1
31172,2
31173,1
31174,2
31175,3
31179,3
31180,1
31181,1
31183,3
31184,3
31185,1
31186,1
31188,1
31190,1
31191,1
31194,3
31205,1
31207,2
31209,3
31210,2
31213,1
31216,1
31226,1
31263,1
31300,2
31301,1
31307,4
31308,3
31309,1
31310,2
31346,2
31354,1
31365,6
31370,1
31371,3
31372,2
31373,2
31375,11
31376,1
31380,7
31381,21
31383,3
31384,1
31386,3
31392,5
31393,1
31396,1
31397,1
31398,2
31426,1
31508,2
31511,1
31513,1
31515,3
31516,7
31517,3
31572,2
31580,2
31581,3
31586,3
31587,54
31588,1
31591,2
31592,2
31596,1
31597,3
31601,1
31602,1
31603,6
31604,1
31605,2
31606,2
31615,1
31618,1
31626,1
31632,2
31635,1
31675,3
31717,1
31719,2
31721,3
31722,3
31723,1
31770,1
31782,1
31785,3
31787,2
31788,2
31794,1
31795,1
31797,1
31798,9
31799,2
31800,7
31803,2
31805,1
31806,1
31807,1
31808,4
31811,1
31824,1
31829,1
31839,1
31853,1
31924,1
31925,2
31928,1
31929,5
31984,1
31987,1
31988,1
31990,2
31991,2
31992,1
31993,1
32001,1
32013,1
32016,1
32018,4
32036,1
32058,1
32109,1
32122,1
32133,3
32135,3
32167,1
32195,1
32197,1
32200,2
32207,6
32216,1
32218,2
32219,1
32220,2
32243,1
32245,1
32339,1
32340,3
32397,2
32402,1
32403,1
32405,3
32408,1
32416,1
32422,4
32426,4
32446,1
32447,1
32544,1
32545,3
32587,1
32605,1
32606,3
32608,2
32609,1
32610,2
32611,2
32612,2
32613,1
32621,1
32624,1
32625,3
32627,1
32628,9
32629,1
32632,3
32633,1
32637,2
32644,1
32648,1
32657,8
32658,1
32659,2
32752,1
32812,1
32815,3
32816,13
32817,5
32818,2
32819,1
32821,6
32822,5
32823,2
32824,1
32827,4
32828,2
32829,4
32830,13
32833,4
32834,11
32835,6
32836,1
32837,5
32838,2
32839,1
32840,3
32841,1
32849,1
32863,4
32914,1
32916,1
32985,1
32997,1
33018,2
33022,2
33023,6
33024,1
33027,3
33028,10
33029,8
33030,16
33031,36
33032,3
33033,1
33034,3
33035,7
33036,9
33037,8
33039,5
33040,8
33041,9
33043,16
33044,9
33045,1
33046,1
33047,1
33048,1
33049,1
33056,1
33070,2
33078,1
33106,1
33229,2
33232,3
33233,127
33234,3
33235,13
33236,9
33237,9
33238,19
33239,4
33240,20
33241,25
33242,6
33243,4
33244,7
33245,11
33246,6
33247,3
33248,3
33249,8
33250,2
33251,5
33252,2
33253,2
33262,1
33282,2
33370,1
33431,1
33438,1
33439,15
33440,57
33441,13
33442,15
33443,11
33444,11
33445,11
33446,3
33447,2
33449,5
33450,12
33451,11
33452,6
33453,6
33454,9
33455,9
33456,13
33457,8
33458,3
33460,2
33482,2
33483,3
33484,1
33577,1
33644,2
33645,8
33646,4
33647,11
33648,13
33649,17
33650,43
33651,12
33652,1
33653,10
33654,8
33655,7
33656,10
33658,1
33659,3
33660,5
33661,8
33662,21
33663,5
33666,5
33690,1
33709,2
33851,13
33852,13
33853,9
33854,3
33855,16
33856,2
33857,10
33858,1
33859,2
33860,12
33861,17
33862,15
33863,13
33864,8
33865,9
33866,11
33867,5
33868,4
33869,4
33870,9
33873,1
33915,1
34014,1
34042,1
34043,1
34054,2
34055,2
34057,5
34060,3
34066,16
34067,11
34068,6
34069,13
34070,4
34074,2
34075,1
34076,2
34079,6
34090,3
34094,1
34100,5
34101,2
